panel,load_case,a_over_b,a_m,applied_Nx_N_per_m,global_CLPT_Nx_N_per_m,global_shear_corrected_Nx_N_per_m,face_wrinkling_Nx_N_per_m,core_shear_crimping_Nx_N_per_m,face_compression_Nx_N_per_m,governing_mode,reserve_factor,margin_of_safety
LE_upper_sandwich,109MPa_reference,0.5,0.4012199574677636,433392.3444976077,2981454.72228097,939611.4442247525,1682652.061232267,1225000.0,2100000.0,global_buckling,2.1680388593710824,1.1680388593710824
LE_upper_sandwich,109MPa_reference,0.525,0.42128095534115184,433392.3444976077,2785802.055740068,919264.6425287927,1682652.061232267,1225000.0,2100000.0,global_buckling,2.1210910949394193,1.1210910949394193
LE_upper_sandwich,109MPa_reference,0.55,0.44134195321454,433392.3444976077,2617476.8388662245,900162.6950026467,1682652.061232267,1225000.0,2100000.0,global_buckling,2.077015679744236,1.0770156797442358
LE_upper_sandwich,109MPa_reference,0.575,0.4614029510879281,433392.3444976077,2471888.8061218862,882291.7657237997,1682652.061232267,1225000.0,2100000.0,global_buckling,2.035780689081069,1.035780689081069
LE_upper_sandwich,109MPa_reference,0.6,0.48146394896131633,433392.3444976077,2345383.6101320586,865626.6478204199,1682652.061232267,1225000.0,2100000.0,global_buckling,1.9973279611661394,0.9973279611661394
LE_upper_sandwich,109MPa_reference,0.625,0.5015249468347045,433392.3444976077,2235022.830261787,850133.6053081254,1682652.061232267,1225000.0,2100000.0,global_buckling,1.961579654328246,0.961579654328246
LE_upper_sandwich,109MPa_reference,0.65,0.5215859447080927,433392.3444976077,2138422.028280044,835772.7359173713,1682652.061232267,1225000.0,2100000.0,global_buckling,1.9284436989449056,0.9284436989449056
LE_upper_sandwich,109MPa_reference,0.675,0.5416469425814809,433392.3444976077,2053629.9844031564,822499.9055442454,1682652.061232267,1225000.0,2100000.0,global_buckling,1.8978182609517358,0.8978182609517358
LE_upper_sandwich,109MPa_reference,0.7,0.561707940454869,433392.3444976077,1979037.566799397,810268.3087024058,1682652.061232267,1225000.0,2100000.0,global_buckling,1.8695953423950673,0.8695953423950673
LE_upper_sandwich,109MPa_reference,0.725,0.5817689383282573,433392.3444976077,1913308.2064158176,799029.7087122825,1682652.061232267,1225000.0,2100000.0,global_buckling,1.8436636430173332,0.8436636430173332
LE_upper_sandwich,109MPa_reference,0.75,0.6018299362016455,433392.3444976077,1855324.315441467,788735.4080302563,1682652.061232267,1225000.0,2100000.0,global_buckling,1.8199107991733576,0.8199107991733576
LE_upper_sandwich,109MPa_reference,0.775,0.6218909340750336,433392.3444976077,1804145.6037509392,779336.9943188508,1682652.061232267,1225000.0,2100000.0,global_buckling,1.7982251052963691,0.7982251052963691
LE_upper_sandwich,109MPa_reference,0.8,0.6419519319484218,433392.3444976077,1758976.3669759275,770786.902432575,1682652.061232267,1225000.0,2100000.0,global_buckling,1.7784968106118213,0.7784968106118213
LE_upper_sandwich,109MPa_reference,0.825,0.6620129298218099,433392.3444976077,1719139.6053587159,763038.8269954711,1682652.061232267,1225000.0,2100000.0,global_buckling,1.7606190711097878,0.7606190711097878
LE_upper_sandwich,109MPa_reference,0.8500000000000001,0.6820739276951983,433392.3444976077,1684056.3905712247,756048.0150144898,1682652.061232267,1225000.0,2100000.0,global_buckling,1.7444886247146507,0.7444886247146507
LE_upper_sandwich,109MPa_reference,0.875,0.7021349255685864,433392.3444976077,1653229.298655363,749771.4631956422,1682652.061232267,1225000.0,2100000.0,global_buckling,1.7300062465680701,0.7300062465680701
LE_upper_sandwich,109MPa_reference,0.9,0.7221959234419746,433392.3444976077,1626229.0184452613,744168.0403933538,1682652.061232267,1225000.0,2100000.0,global_buckling,1.7170770315659363,0.7170770315659363
LE_upper_sandwich,109MPa_reference,0.925,0.7422569213153627,433392.3444976077,1602683.4584409038,739198.5519472387,1682652.061232267,1225000.0,2100000.0,global_buckling,1.7056105428076362,0.7056105428076362
LE_upper_sandwich,109MPa_reference,0.95,0.7623179191887508,433392.3444976077,1582268.833268392,734825.7595239007,1682652.061232267,1225000.0,2100000.0,global_buckling,1.6955208573785894,0.6955208573785894
LE_upper_sandwich,109MPa_reference,0.9750000000000001,0.7823789170621391,433392.3444976077,1564702.329012914,731014.3674409426,1682652.061232267,1225000.0,2100000.0,global_buckling,1.686726534794566,0.6867265347945659
LE_upper_sandwich,109MPa_reference,1.0,0.8024399149355272,433392.3444976077,1549736.035706957,727730.9842521317,1682652.061232267,1225000.0,2100000.0,global_buckling,1.6791505283641408,0.6791505283641408
LE_upper_sandwich,109MPa_reference,1.025,0.8225009128089154,433392.3444976077,1537151.902820871,724944.0665594881,1682652.061232267,1225000.0,2100000.0,global_buckling,1.6727200555419357,0.6727200555419357
LE_upper_sandwich,109MPa_reference,1.05,0.8425619106823037,433392.3444976077,1526757.5252791026,722623.8505344605,1682652.061232267,1225000.0,2100000.0,global_buckling,1.6673664399220818,0.6673664399220818
LE_upper_sandwich,109MPa_reference,1.0750000000000002,0.8626229085556919,433392.3444976077,1518382.607328561,720742.2754249842,1682652.061232267,1225000.0,2100000.0,global_buckling,1.6630249347400798,0.6630249347400798
LE_upper_sandwich,109MPa_reference,1.1,0.88268390642908,433392.3444976077,1511875.9824488603,719272.9023522148,1682652.061232267,1225000.0,2100000.0,global_buckling,1.6596345355061646,0.6596345355061646
LE_upper_sandwich,109MPa_reference,1.125,0.9027449043024681,433392.3444976077,1507103.0915777606,718190.8309200398,1682652.061232267,1225000.0,2100000.0,global_buckling,1.6571377875919178,0.6571377875919178
LE_upper_sandwich,109MPa_reference,1.15,0.9228059021758562,433392.3444976077,1503943.8408318413,717472.6155377439,1682652.061232267,1225000.0,2100000.0,global_buckling,1.655480593155019,0.6554805931550189
LE_upper_sandwich,109MPa_reference,1.175,0.9428669000492446,433392.3444976077,1502290.7748306738,717096.1828623995,1682652.061232267,1225000.0,2100000.0,global_buckling,1.654612020647628,0.654612020647628
LE_upper_sandwich,109MPa_reference,1.2000000000000002,0.9629278979226328,433392.3444976077,1502047.5135842978,717040.7513783824,1682652.061232267,1225000.0,2100000.0,global_buckling,1.6544841192559194,0.6544841192559194
LE_upper_sandwich,109MPa_reference,1.225,0.9829888957960209,433392.3444976077,1503127.4103621223,717286.7538267066,1682652.061232267,1225000.0,2100000.0,global_buckling,1.6550517399152305,0.6550517399152305
LE_upper_sandwich,109MPa_reference,1.25,1.003049893669409,433392.3444976077,1505452.3955474903,717815.7629600539,1682652.061232267,1225000.0,2100000.0,global_buckling,1.6562723639988435,0.6562723639988435
LE_upper_sandwich,109MPa_reference,1.275,1.023110891542797,433392.3444976077,1508951.9775958022,718610.4209168812,1682652.061232267,1225000.0,2100000.0,global_buckling,1.6581059403573473,0.6581059403573473
LE_upper_sandwich,109MPa_reference,1.3,1.0431718894161854,433392.3444976077,1513562.3771636628,719654.3723687333,1682652.061232267,1225000.0,2100000.0,global_buckling,1.6605147310642119,0.6605147310642119
LE_upper_sandwich,109MPa_reference,1.3250000000000002,1.0632328872895738,433392.3444976077,1519225.7745012885,720932.2014899736,1682652.061232267,1225000.0,2100000.0,global_buckling,1.6634631659811268,0.6634631659811268
LE_upper_sandwich,109MPa_reference,1.35,1.0832938851629619,433392.3444976077,1525889.6534868963,722429.3727212785,1682652.061232267,1225000.0,2100000.0,global_buckling,1.6669177060769846,0.6669177060769846
LE_upper_sandwich,109MPa_reference,1.375,1.10335488303635,433392.3444976077,1533506.2283763685,724132.1752416622,1682652.061232267,1225000.0,2100000.0,global_buckling,1.6708467153038495,0.6708467153038495
LE_upper_sandwich,109MPa_reference,1.4,1.123415880909738,433392.3444976077,1542031.941559259,726027.671023825,1682652.061232267,1225000.0,2100000.0,global_buckling,1.675220340741004,0.675220340741004
LE_upper_sandwich,109MPa_reference,1.425,1.1434768787831264,433392.3444976077,1551427.022444405,728103.646320524,1682652.061232267,1225000.0,2100000.0,global_buckling,1.6800104006556655,0.6800104006556655
LE_upper_sandwich,109MPa_reference,1.4500000000000002,1.1635378766565145,433392.3444976077,1561655.0991175142,730348.566412511,1682652.061232267,1225000.0,2100000.0,global_buckling,1.6851902800893672,0.6851902800893672
LE_upper_sandwich,109MPa_reference,1.475,1.1835988745299026,433392.3444976077,1572682.8556769467,732751.5334389847,1682652.061232267,1225000.0,2100000.0,global_buckling,1.6907348335568706,0.6907348335568706
LE_upper_sandwich,109MPa_reference,1.5,1.203659872403291,433392.3444976077,1584479.7292089243,735302.2471276418,1682652.061232267,1225000.0,2100000.0,global_buckling,1.696620294435544,0.696620294435544
LE_upper_sandwich,109MPa_reference,1.5250000000000001,1.223720870276679,433392.3444976077,1597017.641246917,737990.9682417908,1682652.061232267,1225000.0,2100000.0,global_buckling,1.702824190624033,0.7028241906240329
LE_upper_sandwich,109MPa_reference,1.55,1.2437818681500672,433392.3444976077,1610270.759302137,740808.4845654708,1682652.061232267,1225000.0,2100000.0,global_buckling,1.7093252660570706,0.7093252660570706
LE_upper_sandwich,109MPa_reference,1.575,1.2638428660234553,433392.3444976077,1624215.2846774075,743746.0792532236,1682652.061232267,1225000.0,2100000.0,global_buckling,1.716103407676434,0.7161034076764341
LE_upper_sandwich,109MPa_reference,1.6,1.2839038638968436,433392.3444976077,1638829.2633050764,746795.501378364,1682652.061232267,1225000.0,2100000.0,global_buckling,1.7231395774746694,0.7231395774746694
LE_upper_sandwich,109MPa_reference,1.625,1.3039648617702317,433392.3444976077,1654092.4167974084,749948.9385217866,1682652.061232267,1225000.0,2100000.0,global_buckling,1.7304157492471035,0.7304157492471035
LE_upper_sandwich,109MPa_reference,1.6500000000000001,1.32402585964362,433392.3444976077,1669985.991278313,753198.9912521002,1682652.061232267,1225000.0,2100000.0,global_buckling,1.7379148497078676,0.7379148497078676
LE_upper_sandwich,109MPa_reference,1.675,1.3440868575170082,433392.3444976077,1686492.6218893607,756538.6493568942,1682652.061232267,1225000.0,2100000.0,global_buckling,1.74562070364644,0.74562070364644
LE_upper_sandwich,109MPa_reference,1.7000000000000002,1.3641478553903965,433392.3444976077,1684056.3905712247,756048.0150144898,1682652.061232267,1225000.0,2100000.0,global_buckling,1.7444886247146507,0.7444886247146507
LE_upper_sandwich,109MPa_reference,1.725,1.3842088532637846,433392.3444976077,1668139.1191537448,752823.0721612563,1682652.061232267,1225000.0,2100000.0,global_buckling,1.7370474622341003,0.7370474622341003
LE_upper_sandwich,109MPa_reference,1.75,1.4042698511371727,433392.3444976077,1653229.298655363,749771.4631956422,1682652.061232267,1225000.0,2100000.0,global_buckling,1.7300062465680701,0.7300062465680701
LE_upper_sandwich,109MPa_reference,1.7750000000000001,1.424330849010561,433392.3444976077,1639275.290857032,746888.1061404855,1682652.061232267,1225000.0,2100000.0,global_buckling,1.7233532516738037,0.7233532516738037
LE_upper_sandwich,109MPa_reference,1.8,1.4443918468839492,433392.3444976077,1626229.0184452613,744168.0403933538,1682652.061232267,1225000.0,2100000.0,global_buckling,1.7170770315659363,0.7170770315659363
LE_upper_sandwich,109MPa_reference,1.8250000000000002,1.4644528447573373,433392.3444976077,1614045.6743586855,741606.4276028597,1682652.061232267,1225000.0,2100000.0,global_buckling,1.7111664223384855,0.7111664223384855
LE_upper_sandwich,109MPa_reference,1.85,1.4845138426307254,433392.3444976077,1602683.4584409038,739198.5519472387,1682652.061232267,1225000.0,2100000.0,global_buckling,1.7056105428076362,0.7056105428076362
LE_upper_sandwich,109MPa_reference,1.875,1.5045748405041135,433392.3444976077,1592103.3385066183,736939.8198956223,1682652.061232267,1225000.0,2100000.0,global_buckling,1.7003987939609078,0.7003987939609078
LE_upper_sandwich,109MPa_reference,1.9000000000000001,1.5246358383775018,433392.3444976077,1582268.833268392,734825.7595239007,1682652.061232267,1225000.0,2100000.0,global_buckling,1.6955208573785894,0.6955208573785894
LE_upper_sandwich,109MPa_reference,1.925,1.54469683625089,433392.3444976077,1573145.8148677389,732852.0194493207,1682652.061232267,1225000.0,2100000.0,global_buckling,1.690966692775456,0.6909666927754561
LE_upper_sandwich,109MPa_reference,1.9500000000000002,1.5647578341242783,433392.3444976077,1564702.329012914,731014.3674409426,1682652.061232267,1225000.0,2100000.0,global_buckling,1.686726534794566,0.6867265347945659
LE_upper_sandwich,109MPa_reference,1.975,1.5848188319976664,433392.3444976077,1556908.4309518803,729308.688756707,1682652.061232267,1225000.0,2100000.0,global_buckling,1.6827908891702466,0.6827908891702466
LE_upper_sandwich,109MPa_reference,2.0,1.6048798298710545,433392.3444976077,1549736.035706957,727730.9842521317,1682652.061232267,1225000.0,2100000.0,global_buckling,1.6791505283641408,0.6791505283641408
LE_upper_sandwich,109MPa_reference,2.0250000000000004,1.624940827744443,433392.3444976077,1543158.7811714055,726277.3683004681,1682652.061232267,1225000.0,2100000.0,global_buckling,1.6757964867662243,0.6757964867662243
LE_upper_sandwich,109MPa_reference,2.05,1.6450018256178307,433392.3444976077,1537151.902820871,724944.0665594881,1682652.061232267,1225000.0,2100000.0,global_buckling,1.6727200555419357,0.6727200555419357
LE_upper_sandwich,109MPa_reference,2.075,1.6650628234912193,433392.3444976077,1531692.1189270057,723727.4136158786,1682652.061232267,1225000.0,2100000.0,global_buckling,1.6699127771969067,0.6699127771969067
LE_upper_sandwich,109MPa_reference,2.1,1.6851238213646074,433392.3444976077,1526757.5252791026,722623.8505344605,1682652.061232267,1225000.0,2100000.0,global_buckling,1.6673664399220818,0.6673664399220818
LE_upper_sandwich,109MPa_reference,2.125,1.7051848192379955,433392.3444976077,1522327.4985241855,721629.9223360778,1682652.061232267,1225000.0,2100000.0,global_buckling,1.665073071774255,0.665073071774255
LE_upper_sandwich,109MPa_reference,2.1500000000000004,1.7252458171113838,433392.3444976077,1518382.607328561,720742.2754249842,1682652.061232267,1225000.0,2100000.0,global_buckling,1.6630249347400798,0.6630249347400798
LE_upper_sandwich,109MPa_reference,2.175,1.7453068149847717,433392.3444976077,1514904.5306458063,719957.6549838637,1682652.061232267,1225000.0,2100000.0,global_buckling,1.6612145187253944,0.6612145187253944
LE_upper_sandwich,109MPa_reference,2.2,1.76536781285816,433392.3444976077,1511875.9824488603,719272.9023522148,1682652.061232267,1225000.0,2100000.0,global_buckling,1.6596345355061646,0.6596345355061646
LE_upper_sandwich,109MPa_reference,2.225,1.7854288107315481,433392.3444976077,1509280.6423484774,718684.9524016847,1682652.061232267,1225000.0,2100000.0,global_buckling,1.6582779126723866,0.6582779126723866
LE_upper_sandwich,109MPa_reference,2.25,1.8054898086049362,433392.3444976077,1507103.0915777606,718190.8309200398,1682652.061232267,1225000.0,2100000.0,global_buckling,1.6571377875919178,0.6571377875919178
LE_upper_sandwich,109MPa_reference,2.2750000000000004,1.8255508064783248,433392.3444976077,1505328.7538736425,717787.6520137592,1682652.061232267,1225000.0,2100000.0,global_buckling,1.6562075014172786,0.6562075014172786
LE_upper_sandwich,109MPa_reference,2.3,1.8456118043517125,433392.3444976077,1503943.8408318413,717472.6155377439,1682652.061232267,1225000.0,2100000.0,global_buckling,1.655480593155019,0.6554805931550189
LE_upper_sandwich,109MPa_reference,2.325,1.865672802225101,433392.3444976077,1502935.3013525624,717243.0045593026,1682652.061232267,1225000.0,2100000.0,global_buckling,1.6549507938141759,0.6549507938141759
LE_upper_sandwich,109MPa_reference,2.35,1.8857338000984891,433392.3444976077,1502290.7748306738,717096.1828623995,1682652.061232267,1225000.0,2100000.0,global_buckling,1.654612020647628,0.654612020647628
LE_upper_sandwich,109MPa_reference,2.375,1.9057947979718772,433392.3444976077,1501998.5477767093,717029.5924971187,1682652.061232267,1225000.0,2100000.0,global_buckling,1.6544583714977843,0.6544583714977843
LE_upper_sandwich,109MPa_reference,2.4000000000000004,1.9258557958452656,433392.3444976077,1502047.5135842978,717040.7513783824,1682652.061232267,1225000.0,2100000.0,global_buckling,1.6544841192559194,0.6544841192559194
LE_upper_sandwich,109MPa_reference,2.425,1.9459167937186534,433392.3444976077,1502427.135185876,717127.2509371595,1682652.061232267,1225000.0,2100000.0,global_buckling,1.6546837064426227,0.6546837064426227
LE_upper_sandwich,109MPa_reference,2.45,1.9659777915920418,433392.3444976077,1503127.4103621223,717286.7538267066,1682652.061232267,1225000.0,2100000.0,global_buckling,1.6550517399152305,0.6550517399152305
LE_upper_sandwich,109MPa_reference,2.475,1.9860387894654299,433392.3444976077,1504138.8394917597,717516.9916857579,1682652.061232267,1225000.0,2100000.0,global_buckling,1.6555829857066582,0.6555829857066582
LE_upper_sandwich,109MPa_reference,2.5,2.006099787338818,433392.3444976077,1505452.3955474903,717815.7629600539,1682652.061232267,1225000.0,2100000.0,global_buckling,1.6562723639988435,0.6562723639988435
LE_upper_sandwich,109MPa_reference,2.525,2.0261607852122063,433392.3444976077,1507059.4961610355,718180.9307831296,1682652.061232267,1225000.0,2100000.0,global_buckling,1.6571149442329247,0.6571149442329247
LE_upper_sandwich,109MPa_reference,2.5500000000000003,2.0462217830855947,433392.3444976077,1508951.977595802,718610.4209168811,1682652.061232267,1225000.0,2100000.0,global_buckling,1.658105940357347,0.658105940357347
LE_upper_sandwich,109MPa_reference,2.575,2.066282780958983,433392.3444976077,1511122.0704797434,719102.2197520841,1682652.061232267,1225000.0,2100000.0,global_buckling,1.6592407062143055,0.6592407062143055
LE_upper_sandwich,109MPa_reference,2.6,2.086343778832371,433392.3444976077,1513562.3771636628,719654.3723687333,1682652.061232267,1225000.0,2100000.0,global_buckling,1.6605147310642119,0.6605147310642119
LE_upper_sandwich,109MPa_reference,2.625,2.106404776705759,433392.3444976077,1516265.850581717,720264.9806558235,1682652.061232267,1225000.0,2100000.0,global_buckling,1.6619236352473212,0.6619236352473212
LE_upper_sandwich,109MPa_reference,2.65,2.126465774579147,433392.3444976077,1519225.7745012885,720932.2014899736,1682652.061232267,1225000.0,2100000.0,global_buckling,1.6634631659811268,0.6634631659811268
LE_upper_sandwich,109MPa_reference,2.6750000000000003,2.1465267724525354,433392.3444976077,1522435.7450588336,721654.24497211,1682652.061232267,1225000.0,2100000.0,global_buckling,1.6651291932917232,0.6651291932917232
LE_upper_sandwich,109MPa_reference,2.7,2.1665877703259238,433392.3444976077,1525889.6534868963,722429.3727212785,1682652.061232267,1225000.0,2100000.0,global_buckling,1.6669177060769846,0.6669177060769846
LE_upper_sandwich,109MPa_reference,2.725,2.1866487681993116,433392.3444976077,1529581.6699452698,723255.8962245214,1682652.061232267,1225000.0,2100000.0,global_buckling,1.6688248082991088,0.6688248082991088
LE_upper_sandwich,109MPa_reference,2.75,2.2067097660727,433392.3444976077,1533506.2283763685,724132.1752416622,1682652.061232267,1225000.0,2100000.0,global_buckling,1.6708467153038495,0.6708467153038495
LE_upper_sandwich,109MPa_reference,2.775,2.226770763946088,433392.3444976077,1537658.0123113326,725056.6162637448,1682652.061232267,1225000.0,2100000.0,global_buckling,1.6729797502635562,0.6729797502635562
LE_upper_sandwich,109MPa_reference,2.8000000000000003,2.2468317618194766,433392.3444976077,1542031.9415592593,726027.671023825,1682652.061232267,1225000.0,2100000.0,global_buckling,1.675220340741004,0.675220340741004
LE_upper_sandwich,109MPa_reference,2.825,2.2668927596928645,433392.3444976077,1546623.1597173186,727043.8350587484,1682652.061232267,1225000.0,2100000.0,global_buckling,1.677565015370874,0.6775650153708741
LE_upper_sandwich,109MPa_reference,2.85,2.286953757566253,433392.3444976077,1551427.022444405,728103.646320524,1682652.061232267,1225000.0,2100000.0,global_buckling,1.6800104006556655,0.6800104006556655
LE_upper_sandwich,109MPa_reference,2.875,2.3070147554396407,433392.3444976077,1556439.0864454375,729205.6838358716,1682652.061232267,1225000.0,2100000.0,global_buckling,1.682553217872765,0.6825532178727649
LE_upper_sandwich,109MPa_reference,2.9000000000000004,2.327075753313029,433392.3444976077,1561655.0991175142,730348.566412511,1682652.061232267,1225000.0,2100000.0,global_buckling,1.6851902800893672,0.6851902800893672
LE_upper_sandwich,109MPa_reference,2.9250000000000003,2.3471367511864174,433392.3444976077,1564702.329012914,731014.3674409426,1682652.061232267,1225000.0,2100000.0,global_buckling,1.686726534794566,0.6867265347945659
LE_upper_sandwich,109MPa_reference,2.95,2.3671977490598053,433392.3444976077,1559435.9909039133,729862.8338326556,1682652.061232267,1225000.0,2100000.0,global_buckling,1.6840695113770854,0.6840695113770854
LE_upper_sandwich,109MPa_reference,2.975,2.3872587469331936,433392.3444976077,1554449.9127006654,728768.7620995885,1682652.061232267,1225000.0,2100000.0,global_buckling,1.6815450742314886,0.6815450742314886
LE_upper_sandwich,109MPa_reference,3.0,2.407319744806582,433392.3444976077,1549736.035706957,727730.9842521317,1682652.061232267,1225000.0,2100000.0,global_buckling,1.6791505283641408,0.6791505283641408
LE_upper_sandwich,109MPa_reference,3.0250000000000004,2.4273807426799703,433392.3444976077,1545286.632848693,726748.3545825334,1682652.061232267,1225000.0,2100000.0,global_buckling,1.6768832301940788,0.6768832301940788
LE_upper_sandwich,109MPa_reference,3.0500000000000003,2.447441740553358,433392.3444976077,1541094.292431831,725819.7493673991,1682652.061232267,1225000.0,2100000.0,global_buckling,1.674740586866563,0.674740586866563
LE_upper_sandwich,109MPa_reference,3.075,2.4675027384267465,433392.3444976077,1537151.9028208705,724944.0665594881,1682652.061232267,1225000.0,2100000.0,global_buckling,1.6727200555419357,0.6727200555419357
LE_upper_sandwich,109MPa_reference,3.1,2.4875637363001344,433392.3444976077,1533452.6379787624,724120.2254704386,1682652.061232267,1225000.0,2100000.0,global_buckling,1.6708191426635497,0.6708191426635497
LE_upper_sandwich,109MPa_reference,3.125,2.5076247341735227,433392.3444976077,1529989.9438133142,723347.1664459034,1682652.061232267,1225000.0,2100000.0,global_buckling,1.6690354032081807,0.6690354032081807
LE_upper_sandwich,109MPa_reference,3.1500000000000004,2.527685732046911,433392.3444976077,1526757.5252791026,722623.8505344605,1682652.061232267,1225000.0,2100000.0,global_buckling,1.6673664399220818,0.6673664399220818
LE_upper_sandwich,109MPa_reference,3.1750000000000003,2.5477467299202994,433392.3444976077,1523749.3341874864,721949.2591515436,1682652.061232267,1225000.0,2100000.0,global_buckling,1.6658099025455415,0.6658099025455415
LE_upper_sandwich,109MPa_reference,3.2,2.5678077277936873,433392.3444976077,1520959.5576806355,721322.3937395245,1682652.061232267,1225000.0,2100000.0,global_buckling,1.6643634870285675,0.6643634870285675
LE_upper_sandwich,109MPa_reference,3.225,2.5878687256670756,433392.3444976077,1518382.6073285607,720742.2754249842,1682652.061232267,1225000.0,2100000.0,global_buckling,1.6630249347400798,0.6630249347400798
LE_upper_sandwich,109MPa_reference,3.25,2.6079297235404635,433392.3444976077,1516013.1088109561,720207.9446741123,1682652.061232267,1225000.0,2100000.0,global_buckling,1.6617920316727879,0.6617920316727879
LE_upper_sandwich,109MPa_reference,3.2750000000000004,2.627990721413852,433392.3444976077,1513845.8921482712,719718.4609470874,1682652.061232267,1225000.0,2100000.0,global_buckling,1.6606626076457154,0.6606626076457154
LE_upper_sandwich,109MPa_reference,3.3000000000000003,2.64805171928724,433392.3444976077,1511875.9824488603,719272.9023522148,1682652.061232267,1225000.0,2100000.0,global_buckling,1.6596345355061646,0.6596345355061646
LE_upper_sandwich,109MPa_reference,3.325,2.668112717160628,433392.3444976077,1510098.59114128,718870.3653005166,1682652.061232267,1225000.0,2100000.0,global_buckling,1.6587057303327257,0.6587057303327257
LE_upper_sandwich,109MPa_reference,3.35,2.6881737150340164,433392.3444976077,1508509.107662882,718509.9641614106,1682652.061232267,1225000.0,2100000.0,global_buckling,1.6578741486407975,0.6578741486407975
LE_upper_sandwich,109MPa_reference,3.375,2.7082347129074043,433392.3444976077,1507103.0915777606,718190.8309200398,1682652.061232267,1225000.0,2100000.0,global_buckling,1.6571377875919178,0.6571377875919178
LE_upper_sandwich,109MPa_reference,3.4000000000000004,2.728295710780793,433392.3444976077,1505876.2650988924,717912.1148367664,1682652.061232267,1225000.0,2100000.0,global_buckling,1.6564946842080854,0.6564946842080854
LE_upper_sandwich,109MPa_reference,3.4250000000000003,2.748356708654181,433392.3444976077,1504824.5059909564,717672.9821092822,1682652.061232267,1225000.0,2100000.0,global_buckling,1.6559429145921236,0.6559429145921236
LE_upper_sandwich,109MPa_reference,3.45,2.7684177065275692,433392.3444976077,1503943.840831841,717472.6155377439,1682652.061232267,1225000.0,2100000.0,global_buckling,1.655480593155019,0.6554805931550189
LE_upper_sandwich,109MPa_reference,3.475,2.788478704400957,433392.3444976077,1503230.4386122716,717310.2141932903,1682652.061232267,1225000.0,2100000.0,global_buckling,1.6551058718510656,0.6551058718510656
LE_upper_sandwich,109MPa_reference,3.5,2.8085397022743455,433392.3444976077,1502680.6046543056,717184.9930902616,1682652.061232267,1225000.0,2100000.0,global_buckling,1.654816939421551,0.6548169394215511
LE_upper_sandwich,109MPa_reference,3.5250000000000004,2.828600700147734,433392.3444976077,1502290.7748306738,717096.1828623995,1682652.061232267,1225000.0,2100000.0,global_buckling,1.654612020647628,0.654612020647628
LE_upper_sandwich,109MPa_reference,3.5500000000000003,2.848661698021122,433392.3444976077,1502057.5100680701,717043.0294432706,1682652.061232267,1225000.0,2100000.0,global_buckling,1.6544893756129297,0.6544893756129297
LE_upper_sandwich,109MPa_reference,3.575,2.86872269589451,433392.3444976077,1501977.4911185643,717024.793751127,1682652.061232267,1225000.0,2100000.0,global_buckling,1.6544472989764243,0.6544472989764243
LE_upper_sandwich,109MPa_reference,3.6,2.8887836937678983,433392.3444976077,1502047.5135842978,717040.7513783824,1682652.061232267,1225000.0,2100000.0,global_buckling,1.6544841192559194,0.6544841192559194
LE_upper_sandwich,109MPa_reference,3.625,2.9088446916412862,433392.3444976077,1502264.4831815294,717090.192285859,1682652.061232267,1225000.0,2100000.0,global_buckling,1.6545981981225728,0.6545981981225728
LE_upper_sandwich,109MPa_reference,3.6500000000000004,2.9289056895146746,433392.3444976077,1502625.4112309697,717172.4205019369,1682652.061232267,1225000.0,2100000.0,global_buckling,1.654787929706718,0.6547879297067181
LE_upper_sandwich,109MPa_reference,3.6750000000000003,2.948966687388063,433392.3444976077,1503127.4103621223,717286.7538267066,1682652.061232267,1225000.0,2100000.0,global_buckling,1.6550517399152305,0.6550517399152305
LE_upper_sandwich,109MPa_reference,3.7,2.9690276852614508,433392.3444976077,1503767.6904201105,717432.523541215,1682652.061232267,1225000.0,2100000.0,global_buckling,1.6553880857606502,0.6553880857606502
LE_upper_sandwich,109MPa_reference,3.725,2.989088683134839,433392.3444976077,1504543.5545641517,717609.0741218708,1682652.061232267,1225000.0,2100000.0,global_buckling,1.6557954547022047,0.6557954547022047
LE_upper_sandwich,109MPa_reference,3.75,3.009149681008227,433392.3444976077,1505452.3955474903,717815.7629600539,1682652.061232267,1225000.0,2100000.0,global_buckling,1.6562723639988435,0.6562723639988435
LE_upper_sandwich,109MPa_reference,3.7750000000000004,3.0292106788816158,433392.3444976077,1506491.692169214,718051.9600869694,1682652.061232267,1225000.0,2100000.0,global_buckling,1.6568173600743727,0.6568173600743727
LE_upper_sandwich,109MPa_reference,3.8000000000000003,3.0492716767550037,433392.3444976077,1507659.005888926,718317.0479037589,1682652.061232267,1225000.0,2100000.0,global_buckling,1.6574290178947175,0.6574290178947175
LE_upper_sandwich,109MPa_reference,3.825,3.069332674628392,433392.3444976077,1508951.977595802,718610.4209168811,1682652.061232267,1225000.0,2100000.0,global_buckling,1.658105940357347,0.658105940357347
LE_upper_sandwich,109MPa_reference,3.85,3.08939367250178,433392.3444976077,1510368.324524019,718931.4854787518,1682652.061232267,1225000.0,2100000.0,global_buckling,1.658846757692833,0.658846757692833
LE_upper_sandwich,109MPa_reference,3.875,3.109454670375168,433392.3444976077,1511905.8373070422,719279.6595336315,1682652.061232267,1225000.0,2100000.0,global_buckling,1.6596501268785147,0.6596501268785147
LE_upper_sandwich,109MPa_reference,3.9000000000000004,3.1295156682485565,433392.3444976077,1513562.3771636628,719654.3723687333,1682652.061232267,1225000.0,2100000.0,global_buckling,1.6605147310642119,0.6605147310642119
LE_upper_sandwich,109MPa_reference,3.9250000000000003,3.1495766661219444,433392.3444976077,1515335.873209097,720055.0643705176,1682652.061232267,1225000.0,2100000.0,global_buckling,1.6614392790099048,0.6614392790099048
LE_upper_sandwich,109MPa_reference,3.95,3.1696376639953328,433392.3444976077,1517224.3198848362,720481.1867861367,1682652.061232267,1225000.0,2100000.0,global_buckling,1.6624225045352958,0.6624225045352958
LE_upper_sandwich,109MPa_reference,3.975,3.1896986618687206,433392.3444976077,1519225.7745012885,720932.2014899736,1682652.061232267,1225000.0,2100000.0,global_buckling,1.6634631659811268,0.6634631659811268
LE_upper_sandwich,109MPa_reference,4.0,3.209759659742109,433392.3444976077,1521338.354887594,721407.580755231,1682652.061232267,1225000.0,2100000.0,global_buckling,1.6645600456821479,0.6645600456821479
LE_upper_sandwich,beam_mapped,0.5,0.4012199574677636,117769.81752190838,2981454.72228097,939611.4442247525,1682652.061232267,1225000.0,2100000.0,global_buckling,7.978372251871404,6.978372251871404
LE_upper_sandwich,beam_mapped,0.525,0.42128095534115184,117769.81752190838,2785802.055740068,919264.6425287927,1682652.061232267,1225000.0,2100000.0,global_buckling,7.805604711561895,6.805604711561895
LE_upper_sandwich,beam_mapped,0.55,0.44134195321454,117769.81752190838,2617476.8388662245,900162.6950026467,1682652.061232267,1225000.0,2100000.0,global_buckling,7.643407402199566,6.643407402199566
LE_upper_sandwich,beam_mapped,0.575,0.4614029510879281,117769.81752190838,2471888.8061218862,882291.7657237997,1682652.061232267,1225000.0,2100000.0,global_buckling,7.491662841030297,6.491662841030297
LE_upper_sandwich,beam_mapped,0.6,0.48146394896131633,117769.81752190838,2345383.6101320586,865626.6478204199,1682652.061232267,1225000.0,2100000.0,global_buckling,7.350156992978187,6.350156992978187
LE_upper_sandwich,beam_mapped,0.625,0.5015249468347045,117769.81752190838,2235022.830261787,850133.6053081254,1682652.061232267,1225000.0,2100000.0,global_buckling,7.218603401079207,6.218603401079207
LE_upper_sandwich,beam_mapped,0.65,0.5215859447080927,117769.81752190838,2138422.028280044,835772.7359173713,1682652.061232267,1225000.0,2100000.0,global_buckling,7.096663249579163,6.096663249579163
LE_upper_sandwich,beam_mapped,0.675,0.5416469425814809,117769.81752190838,2053629.9844031564,822499.9055442454,1682652.061232267,1225000.0,2100000.0,global_buckling,6.983961789626091,5.983961789626091
LE_upper_sandwich,beam_mapped,0.7,0.561707940454869,117769.81752190838,1979037.566799397,810268.3087024058,1682652.061232267,1225000.0,2100000.0,global_buckling,6.8801015892860145,5.8801015892860145
LE_upper_sandwich,beam_mapped,0.725,0.5817689383282573,117769.81752190838,1913308.2064158176,799029.7087122825,1682652.061232267,1225000.0,2100000.0,global_buckling,6.784673064162991,5.784673064162991
LE_upper_sandwich,beam_mapped,0.75,0.6018299362016455,117769.81752190838,1855324.315441467,788735.4080302563,1682652.061232267,1225000.0,2100000.0,global_buckling,6.6972627165999485,5.6972627165999485
LE_upper_sandwich,beam_mapped,0.775,0.6218909340750336,117769.81752190838,1804145.6037509392,779336.9943188508,1682652.061232267,1225000.0,2100000.0,global_buckling,6.61745947066508,5.61745947066508
LE_upper_sandwich,beam_mapped,0.8,0.6419519319484218,117769.81752190838,1758976.3669759275,770786.902432575,1682652.061232267,1225000.0,2100000.0,global_buckling,6.544859444052274,5.544859444052274
LE_upper_sandwich,beam_mapped,0.825,0.6620129298218099,117769.81752190838,1719139.6053587159,763038.8269954711,1682652.061232267,1225000.0,2100000.0,global_buckling,6.479069451334806,5.479069451334806
LE_upper_sandwich,beam_mapped,0.8500000000000001,0.6820739276951983,117769.81752190838,1684056.3905712247,756048.0150144898,1682652.061232267,1225000.0,2100000.0,global_buckling,6.419709488586448,5.419709488586448
LE_upper_sandwich,beam_mapped,0.875,0.7021349255685864,117769.81752190838,1653229.298655363,749771.4631956422,1682652.061232267,1225000.0,2100000.0,global_buckling,6.366414408820532,5.366414408820532
LE_upper_sandwich,beam_mapped,0.9,0.7221959234419746,117769.81752190838,1626229.0184452613,744168.0403933538,1682652.061232267,1225000.0,2100000.0,global_buckling,6.318834961724538,5.318834961724538
LE_upper_sandwich,beam_mapped,0.925,0.7422569213153627,117769.81752190838,1602683.4584409038,739198.5519472387,1682652.061232267,1225000.0,2100000.0,global_buckling,6.27663833995266,5.27663833995266
LE_upper_sandwich,beam_mapped,0.95,0.7623179191887508,117769.81752190838,1582268.833268392,734825.7595239007,1682652.061232267,1225000.0,2100000.0,global_buckling,6.2395083476053035,5.2395083476053035
LE_upper_sandwich,beam_mapped,0.9750000000000001,0.7823789170621391,117769.81752190838,1564702.329012914,731014.3674409426,1682652.061232267,1225000.0,2100000.0,global_buckling,6.207145284104342,5.207145284104342
LE_upper_sandwich,beam_mapped,1.0,0.8024399149355272,117769.81752190838,1549736.035706957,727730.9842521317,1682652.061232267,1225000.0,2100000.0,global_buckling,6.179265618007381,5.179265618007381
LE_upper_sandwich,beam_mapped,1.025,0.8225009128089154,117769.81752190838,1537151.902820871,724944.0665594881,1682652.061232267,1225000.0,2100000.0,global_buckling,6.155601509908333,5.155601509908333
LE_upper_sandwich,beam_mapped,1.05,0.8425619106823037,117769.81752190838,1526757.5252791026,722623.8505344605,1682652.061232267,1225000.0,2100000.0,global_buckling,6.135900230974145,5.135900230974145
LE_upper_sandwich,beam_mapped,1.0750000000000002,0.8626229085556919,117769.81752190838,1518382.607328561,720742.2754249842,1682652.061232267,1225000.0,2100000.0,global_buckling,6.119923513432519,5.119923513432519
LE_upper_sandwich,beam_mapped,1.1,0.88268390642908,117769.81752190838,1511875.9824488603,719272.9023522148,1682652.061232267,1225000.0,2100000.0,global_buckling,6.107446861063622,5.107446861063622
LE_upper_sandwich,beam_mapped,1.125,0.9027449043024681,117769.81752190838,1507103.0915777606,718190.8309200398,1682652.061232267,1225000.0,2100000.0,global_buckling,6.09825884111977,5.09825884111977
LE_upper_sandwich,beam_mapped,1.15,0.9228059021758562,117769.81752190838,1503943.8408318413,717472.6155377439,1682652.061232267,1225000.0,2100000.0,global_buckling,6.092160373809483,5.092160373809483
LE_upper_sandwich,beam_mapped,1.175,0.9428669000492446,117769.81752190838,1502290.7748306738,717096.1828623995,1682652.061232267,1225000.0,2100000.0,global_buckling,6.088964031289257,5.088964031289257
LE_upper_sandwich,beam_mapped,1.2000000000000002,0.9629278979226328,117769.81752190838,1502047.5135842978,717040.7513783824,1682652.061232267,1225000.0,2100000.0,global_buckling,6.088493354801993,5.088493354801993
LE_upper_sandwich,beam_mapped,1.225,0.9829888957960209,117769.81752190838,1503127.4103621223,717286.7538267066,1682652.061232267,1225000.0,2100000.0,global_buckling,6.0905821960136075,5.0905821960136075
LE_upper_sandwich,beam_mapped,1.25,1.003049893669409,117769.81752190838,1505452.3955474903,717815.7629600539,1682652.061232267,1225000.0,2100000.0,global_buckling,6.0950740865886175,5.0950740865886175
LE_upper_sandwich,beam_mapped,1.275,1.023110891542797,117769.81752190838,1508951.9775958022,718610.4209168812,1682652.061232267,1225000.0,2100000.0,global_buckling,6.10182163849579,5.10182163849579
LE_upper_sandwich,beam_mapped,1.3,1.0431718894161854,117769.81752190838,1513562.3771636628,719654.3723687333,1682652.061232267,1225000.0,2100000.0,global_buckling,6.110685976352626,5.110685976352626
LE_upper_sandwich,beam_mapped,1.3250000000000002,1.0632328872895738,117769.81752190838,1519225.7745012885,720932.2014899736,1682652.061232267,1225000.0,2100000.0,global_buckling,6.1215362022265225,5.1215362022265225
LE_upper_sandwich,beam_mapped,1.35,1.0832938851629619,117769.81752190838,1525889.6534868963,722429.3727212785,1682652.061232267,1225000.0,2100000.0,global_buckling,6.134248892649316,5.134248892649316
LE_upper_sandwich,beam_mapped,1.375,1.10335488303635,117769.81752190838,1533506.2283763685,724132.1752416622,1682652.061232267,1225000.0,2100000.0,global_buckling,6.148707627121474,5.148707627121474
LE_upper_sandwich,beam_mapped,1.4,1.123415880909738,117769.81752190838,1542031.941559259,726027.671023825,1682652.061232267,1225000.0,2100000.0,global_buckling,6.164802547042786,5.164802547042786
LE_upper_sandwich,beam_mapped,1.425,1.1434768787831264,117769.81752190838,1551427.022444405,728103.646320524,1682652.061232267,1225000.0,2100000.0,global_buckling,6.182429943776358,5.182429943776358
LE_upper_sandwich,beam_mapped,1.4500000000000002,1.1635378766565145,117769.81752190838,1561655.0991175142,730348.566412511,1682652.061232267,1225000.0,2100000.0,global_buckling,6.20149187440701,5.20149187440701
LE_upper_sandwich,beam_mapped,1.475,1.1835988745299026,117769.81752190838,1572682.8556769467,732751.5334389847,1682652.061232267,1225000.0,2100000.0,global_buckling,6.221895803673747,5.221895803673747
LE_upper_sandwich,beam_mapped,1.5,1.203659872403291,117769.81752190838,1584479.7292089243,735302.2471276418,1682652.061232267,1225000.0,2100000.0,global_buckling,6.243554270523139,5.243554270523139
LE_upper_sandwich,beam_mapped,1.5250000000000001,1.223720870276679,117769.81752190838,1597017.641246917,737990.9682417908,1682652.061232267,1225000.0,2100000.0,global_buckling,6.266384577733632,5.266384577733632
LE_upper_sandwich,beam_mapped,1.55,1.2437818681500672,117769.81752190838,1610270.759302137,740808.4845654708,1682652.061232267,1225000.0,2100000.0,global_buckling,6.290308503090449,5.290308503090449
LE_upper_sandwich,beam_mapped,1.575,1.2638428660234553,117769.81752190838,1624215.2846774075,743746.0792532236,1682652.061232267,1225000.0,2100000.0,global_buckling,6.315252030639061,5.315252030639061
LE_upper_sandwich,beam_mapped,1.6,1.2839038638968436,117769.81752190838,1638829.2633050764,746795.501378364,1682652.061232267,1225000.0,2100000.0,global_buckling,6.341145100606442,5.341145100606442
LE_upper_sandwich,beam_mapped,1.625,1.3039648617702317,117769.81752190838,1654092.4167974084,749948.9385217866,1682652.061232267,1225000.0,2100000.0,global_buckling,6.367921376648781,5.367921376648781
LE_upper_sandwich,beam_mapped,1.6500000000000001,1.32402585964362,117769.81752190838,1669985.991278313,753198.9912521002,1682652.061232267,1225000.0,2100000.0,global_buckling,6.395518029158742,5.395518029158742
LE_upper_sandwich,beam_mapped,1.675,1.3440868575170082,117769.81752190838,1686492.6218893607,756538.6493568942,1682652.061232267,1225000.0,2100000.0,global_buckling,6.423875533441813,5.423875533441813
LE_upper_sandwich,beam_mapped,1.7000000000000002,1.3641478553903965,117769.81752190838,1684056.3905712247,756048.0150144898,1682652.061232267,1225000.0,2100000.0,global_buckling,6.419709488586448,5.419709488586448
LE_upper_sandwich,beam_mapped,1.725,1.3842088532637846,117769.81752190838,1668139.1191537448,752823.0721612563,1682652.061232267,1225000.0,2100000.0,global_buckling,6.392326047556377,5.392326047556377
LE_upper_sandwich,beam_mapped,1.75,1.4042698511371727,117769.81752190838,1653229.298655363,749771.4631956422,1682652.061232267,1225000.0,2100000.0,global_buckling,6.366414408820532,5.366414408820532
LE_upper_sandwich,beam_mapped,1.7750000000000001,1.424330849010561,117769.81752190838,1639275.290857032,746888.1061404855,1682652.061232267,1225000.0,2100000.0,global_buckling,6.341931420599714,5.341931420599714
LE_upper_sandwich,beam_mapped,1.8,1.4443918468839492,117769.81752190838,1626229.0184452613,744168.0403933538,1682652.061232267,1225000.0,2100000.0,global_buckling,6.318834961724538,5.318834961724538
LE_upper_sandwich,beam_mapped,1.8250000000000002,1.4644528447573373,117769.81752190838,1614045.6743586855,741606.4276028597,1682652.061232267,1225000.0,2100000.0,global_buckling,6.297083949076348,5.297083949076348
LE_upper_sandwich,beam_mapped,1.85,1.4845138426307254,117769.81752190838,1602683.4584409038,739198.5519472387,1682652.061232267,1225000.0,2100000.0,global_buckling,6.27663833995266,5.27663833995266
LE_upper_sandwich,beam_mapped,1.875,1.5045748405041135,117769.81752190838,1592103.3385066183,736939.8198956223,1682652.061232267,1225000.0,2100000.0,global_buckling,6.257459130040101,5.257459130040101
LE_upper_sandwich,beam_mapped,1.9000000000000001,1.5246358383775018,117769.81752190838,1582268.833268392,734825.7595239007,1682652.061232267,1225000.0,2100000.0,global_buckling,6.2395083476053035,5.2395083476053035
LE_upper_sandwich,beam_mapped,1.925,1.54469683625089,117769.81752190838,1573145.8148677389,732852.0194493207,1682652.061232267,1225000.0,2100000.0,global_buckling,6.222749044448425,5.222749044448425
LE_upper_sandwich,beam_mapped,1.9500000000000002,1.5647578341242783,117769.81752190838,1564702.329012914,731014.3674409426,1682652.061232267,1225000.0,2100000.0,global_buckling,6.207145284104342,5.207145284104342
LE_upper_sandwich,beam_mapped,1.975,1.5848188319976664,117769.81752190838,1556908.4309518803,729308.688756707,1682652.061232267,1225000.0,2100000.0,global_buckling,6.1926621277224605,5.1926621277224605
LE_upper_sandwich,beam_mapped,2.0,1.6048798298710545,117769.81752190838,1549736.035706957,727730.9842521317,1682652.061232267,1225000.0,2100000.0,global_buckling,6.179265618007381,5.179265618007381
LE_upper_sandwich,beam_mapped,2.0250000000000004,1.624940827744443,117769.81752190838,1543158.7811714055,726277.3683004681,1682652.061232267,1225000.0,2100000.0,global_buckling,6.166922761558672,5.166922761558672
LE_upper_sandwich,beam_mapped,2.05,1.6450018256178307,117769.81752190838,1537151.902820871,724944.0665594881,1682652.061232267,1225000.0,2100000.0,global_buckling,6.155601509908333,5.155601509908333
LE_upper_sandwich,beam_mapped,2.075,1.6650628234912193,117769.81752190838,1531692.1189270057,723727.4136158786,1682652.061232267,1225000.0,2100000.0,global_buckling,6.145270739519026,5.145270739519026
LE_upper_sandwich,beam_mapped,2.1,1.6851238213646074,117769.81752190838,1526757.5252791026,722623.8505344605,1682652.061232267,1225000.0,2100000.0,global_buckling,6.135900230974145,5.135900230974145
LE_upper_sandwich,beam_mapped,2.125,1.7051848192379955,117769.81752190838,1522327.4985241855,721629.9223360778,1682652.061232267,1225000.0,2100000.0,global_buckling,6.127460647562225,5.127460647562225
LE_upper_sandwich,beam_mapped,2.1500000000000004,1.7252458171113838,117769.81752190838,1518382.607328561,720742.2754249842,1682652.061232267,1225000.0,2100000.0,global_buckling,6.119923513432519,5.119923513432519
LE_upper_sandwich,beam_mapped,2.175,1.7453068149847717,117769.81752190838,1514904.5306458063,719957.6549838637,1682652.061232267,1225000.0,2100000.0,global_buckling,6.113261191475754,5.113261191475754
LE_upper_sandwich,beam_mapped,2.2,1.76536781285816,117769.81752190838,1511875.9824488603,719272.9023522148,1682652.061232267,1225000.0,2100000.0,global_buckling,6.107446861063622,5.107446861063622
LE_upper_sandwich,beam_mapped,2.225,1.7854288107315481,117769.81752190838,1509280.6423484774,718684.9524016847,1682652.061232267,1225000.0,2100000.0,global_buckling,6.1024544957623785,5.1024544957623785
LE_upper_sandwich,beam_mapped,2.25,1.8054898086049362,117769.81752190838,1507103.0915777606,718190.8309200398,1682652.061232267,1225000.0,2100000.0,global_buckling,6.09825884111977,5.09825884111977
LE_upper_sandwich,beam_mapped,2.2750000000000004,1.8255508064783248,117769.81752190838,1505328.7538736425,717787.6520137592,1682652.061232267,1225000.0,2100000.0,global_buckling,6.094835392610091,5.094835392610091
LE_upper_sandwich,beam_mapped,2.3,1.8456118043517125,117769.81752190838,1503943.8408318413,717472.6155377439,1682652.061232267,1225000.0,2100000.0,global_buckling,6.092160373809483,5.092160373809483
LE_upper_sandwich,beam_mapped,2.325,1.865672802225101,117769.81752190838,1502935.3013525624,717243.0045593026,1682652.061232267,1225000.0,2100000.0,global_buckling,6.090210714862286,5.090210714862286
LE_upper_sandwich,beam_mapped,2.35,1.8857338000984891,117769.81752190838,1502290.7748306738,717096.1828623995,1682652.061232267,1225000.0,2100000.0,global_buckling,6.088964031289257,5.088964031289257
LE_upper_sandwich,beam_mapped,2.375,1.9057947979718772,117769.81752190838,1501998.5477767093,717029.5924971187,1682652.061232267,1225000.0,2100000.0,global_buckling,6.088398603179731,5.088398603179731
LE_upper_sandwich,beam_mapped,2.4000000000000004,1.9258557958452656,117769.81752190838,1502047.5135842978,717040.7513783824,1682652.061232267,1225000.0,2100000.0,global_buckling,6.088493354801993,5.088493354801993
LE_upper_sandwich,beam_mapped,2.425,1.9459167937186534,117769.81752190838,1502427.135185876,717127.2509371595,1682652.061232267,1225000.0,2100000.0,global_buckling,6.089227834659372,5.089227834659372
LE_upper_sandwich,beam_mapped,2.45,1.9659777915920418,117769.81752190838,1503127.4103621223,717286.7538267066,1682652.061232267,1225000.0,2100000.0,global_buckling,6.0905821960136075,5.0905821960136075
LE_upper_sandwich,beam_mapped,2.475,1.9860387894654299,117769.81752190838,1504138.8394917597,717516.9916857579,1682652.061232267,1225000.0,2100000.0,global_buckling,6.092537177891782,5.092537177891782
LE_upper_sandwich,beam_mapped,2.5,2.006099787338818,117769.81752190838,1505452.3955474903,717815.7629600539,1682652.061232267,1225000.0,2100000.0,global_buckling,6.0950740865886175,5.0950740865886175
LE_upper_sandwich,beam_mapped,2.525,2.0261607852122063,117769.81752190838,1507059.4961610355,718180.9307831296,1682652.061232267,1225000.0,2100000.0,global_buckling,6.098174777671949,5.098174777671949
LE_upper_sandwich,beam_mapped,2.5500000000000003,2.0462217830855947,117769.81752190838,1508951.977595802,718610.4209168811,1682652.061232267,1225000.0,2100000.0,global_buckling,6.101821638495789,5.101821638495789
LE_upper_sandwich,beam_mapped,2.575,2.066282780958983,117769.81752190838,1511122.0704797434,719102.2197520841,1682652.061232267,1225000.0,2100000.0,global_buckling,6.105997571222454,5.105997571222454
LE_upper_sandwich,beam_mapped,2.6,2.086343778832371,117769.81752190838,1513562.3771636628,719654.3723687333,1682652.061232267,1225000.0,2100000.0,global_buckling,6.110685976352626,5.110685976352626
LE_upper_sandwich,beam_mapped,2.625,2.106404776705759,117769.81752190838,1516265.850581717,720264.9806558235,1682652.061232267,1225000.0,2100000.0,global_buckling,6.115870736760161,5.115870736760161
LE_upper_sandwich,beam_mapped,2.65,2.126465774579147,117769.81752190838,1519225.7745012885,720932.2014899736,1682652.061232267,1225000.0,2100000.0,global_buckling,6.1215362022265225,5.1215362022265225
LE_upper_sandwich,beam_mapped,2.6750000000000003,2.1465267724525354,117769.81752190838,1522435.7450588336,721654.24497211,1682652.061232267,1225000.0,2100000.0,global_buckling,6.127667174468218,5.127667174468218
LE_upper_sandwich,beam_mapped,2.7,2.1665877703259238,117769.81752190838,1525889.6534868963,722429.3727212785,1682652.061232267,1225000.0,2100000.0,global_buckling,6.134248892649316,5.134248892649316
LE_upper_sandwich,beam_mapped,2.725,2.1866487681993116,117769.81752190838,1529581.6699452698,723255.8962245214,1682652.061232267,1225000.0,2100000.0,global_buckling,6.14126701937002,5.14126701937002
LE_upper_sandwich,beam_mapped,2.75,2.2067097660727,117769.81752190838,1533506.2283763685,724132.1752416622,1682652.061232267,1225000.0,2100000.0,global_buckling,6.148707627121474,5.148707627121474
LE_upper_sandwich,beam_mapped,2.775,2.226770763946088,117769.81752190838,1537658.0123113326,725056.6162637448,1682652.061232267,1225000.0,2100000.0,global_buckling,6.156557185196153,5.156557185196153
LE_upper_sandwich,beam_mapped,2.8000000000000003,2.2468317618194766,117769.81752190838,1542031.9415592593,726027.671023825,1682652.061232267,1225000.0,2100000.0,global_buckling,6.164802547042786,5.164802547042786
LE_upper_sandwich,beam_mapped,2.825,2.2668927596928645,117769.81752190838,1546623.1597173186,727043.8350587484,1682652.061232267,1225000.0,2100000.0,global_buckling,6.173430938054214,5.173430938054214
LE_upper_sandwich,beam_mapped,2.85,2.286953757566253,117769.81752190838,1551427.022444405,728103.646320524,1682652.061232267,1225000.0,2100000.0,global_buckling,6.182429943776358,5.182429943776358
LE_upper_sandwich,beam_mapped,2.875,2.3070147554396407,117769.81752190838,1556439.0864454375,729205.6838358716,1682652.061232267,1225000.0,2100000.0,global_buckling,6.1917874985262635,5.1917874985262635
LE_upper_sandwich,beam_mapped,2.9000000000000004,2.327075753313029,117769.81752190838,1561655.0991175142,730348.566412511,1682652.061232267,1225000.0,2100000.0,global_buckling,6.20149187440701,5.20149187440701
LE_upper_sandwich,beam_mapped,2.9250000000000003,2.3471367511864174,117769.81752190838,1564702.329012914,731014.3674409426,1682652.061232267,1225000.0,2100000.0,global_buckling,6.207145284104342,5.207145284104342
LE_upper_sandwich,beam_mapped,2.95,2.3671977490598053,117769.81752190838,1559435.9909039133,729862.8338326556,1682652.061232267,1225000.0,2100000.0,global_buckling,6.1973674511033465,5.1973674511033465
LE_upper_sandwich,beam_mapped,2.975,2.3872587469331936,117769.81752190838,1554449.9127006654,728768.7620995885,1682652.061232267,1225000.0,2100000.0,global_buckling,6.18807753492543,5.18807753492543
LE_upper_sandwich,beam_mapped,3.0,2.407319744806582,117769.81752190838,1549736.035706957,727730.9842521317,1682652.061232267,1225000.0,2100000.0,global_buckling,6.179265618007381,5.179265618007381
LE_upper_sandwich,beam_mapped,3.0250000000000004,2.4273807426799703,117769.81752190838,1545286.632848693,726748.3545825334,1682652.061232267,1225000.0,2100000.0,global_buckling,6.170921971984362,5.170921971984362
LE_upper_sandwich,beam_mapped,3.0500000000000003,2.447441740553358,117769.81752190838,1541094.292431831,725819.7493673991,1682652.061232267,1225000.0,2100000.0,global_buckling,6.16303705516379,5.16303705516379
LE_upper_sandwich,beam_mapped,3.075,2.4675027384267465,117769.81752190838,1537151.9028208705,724944.0665594881,1682652.061232267,1225000.0,2100000.0,global_buckling,6.155601509908333,5.155601509908333
LE_upper_sandwich,beam_mapped,3.1,2.4875637363001344,117769.81752190838,1533452.6379787624,724120.2254704386,1682652.061232267,1225000.0,2100000.0,global_buckling,6.1486061599418935,5.1486061599418935
LE_upper_sandwich,beam_mapped,3.125,2.5076247341735227,117769.81752190838,1529989.9438133142,723347.1664459034,1682652.061232267,1225000.0,2100000.0,global_buckling,6.142042007591131,5.142042007591131
LE_upper_sandwich,beam_mapped,3.1500000000000004,2.527685732046911,117769.81752190838,1526757.5252791026,722623.8505344605,1682652.061232267,1225000.0,2100000.0,global_buckling,6.135900230974145,5.135900230974145
LE_upper_sandwich,beam_mapped,3.1750000000000003,2.5477467299202994,117769.81752190838,1523749.3341874864,721949.2591515436,1682652.061232267,1225000.0,2100000.0,global_buckling,6.13017218114685,5.13017218114685
LE_upper_sandwich,beam_mapped,3.2,2.5678077277936873,117769.81752190838,1520959.5576806355,721322.3937395245,1682652.061232267,1225000.0,2100000.0,global_buckling,6.1248493792167,5.1248493792167
LE_upper_sandwich,beam_mapped,3.225,2.5878687256670756,117769.81752190838,1518382.6073285607,720742.2754249842,1682652.061232267,1225000.0,2100000.0,global_buckling,6.119923513432519,5.119923513432519
LE_upper_sandwich,beam_mapped,3.25,2.6079297235404635,117769.81752190838,1516013.1088109561,720207.9446741123,1682652.061232267,1225000.0,2100000.0,global_buckling,6.115386436258459,5.115386436258459
LE_upper_sandwich,beam_mapped,3.2750000000000004,2.627990721413852,117769.81752190838,1513845.8921482712,719718.4609470874,1682652.061232267,1225000.0,2100000.0,global_buckling,6.111230161439286,5.111230161439286
LE_upper_sandwich,beam_mapped,3.3000000000000003,2.64805171928724,117769.81752190838,1511875.9824488603,719272.9023522148,1682652.061232267,1225000.0,2100000.0,global_buckling,6.107446861063622,5.107446861063622
LE_upper_sandwich,beam_mapped,3.325,2.668112717160628,117769.81752190838,1510098.59114128,718870.3653005166,1682652.061232267,1225000.0,2100000.0,global_buckling,6.104028862631015,5.104028862631015
LE_upper_sandwich,beam_mapped,3.35,2.6881737150340164,117769.81752190838,1508509.107662882,718509.9641614106,1682652.061232267,1225000.0,2100000.0,global_buckling,6.100968646128268,5.100968646128268
LE_upper_sandwich,beam_mapped,3.375,2.7082347129074043,117769.81752190838,1507103.0915777606,718190.8309200398,1682652.061232267,1225000.0,2100000.0,global_buckling,6.09825884111977,5.09825884111977
LE_upper_sandwich,beam_mapped,3.4000000000000004,2.728295710780793,117769.81752190838,1505876.2650988924,717912.1148367664,1682652.061232267,1225000.0,2100000.0,global_buckling,6.095892223856212,5.095892223856212
LE_upper_sandwich,beam_mapped,3.4250000000000003,2.748356708654181,117769.81752190838,1504824.5059909564,717672.9821092822,1682652.061232267,1225000.0,2100000.0,global_buckling,6.093861714405523,5.093861714405523
LE_upper_sandwich,beam_mapped,3.45,2.7684177065275692,117769.81752190838,1503943.840831841,717472.6155377439,1682652.061232267,1225000.0,2100000.0,global_buckling,6.092160373809483,5.092160373809483
LE_upper_sandwich,beam_mapped,3.475,2.788478704400957,117769.81752190838,1503230.4386122716,717310.2141932903,1682652.061232267,1225000.0,2100000.0,global_buckling,6.090781401269058,5.090781401269058
LE_upper_sandwich,beam_mapped,3.5,2.8085397022743455,117769.81752190838,1502680.6046543056,717184.9930902616,1682652.061232267,1225000.0,2100000.0,global_buckling,6.089718131361168,5.089718131361168
LE_upper_sandwich,beam_mapped,3.5250000000000004,2.828600700147734,117769.81752190838,1502290.7748306738,717096.1828623995,1682652.061232267,1225000.0,2100000.0,global_buckling,6.088964031289257,5.088964031289257
LE_upper_sandwich,beam_mapped,3.5500000000000003,2.848661698021122,117769.81752190838,1502057.5100680701,717043.0294432706,1682652.061232267,1225000.0,2100000.0,global_buckling,6.088512698169726,5.088512698169726
LE_upper_sandwich,beam_mapped,3.575,2.86872269589451,117769.81752190838,1501977.4911185643,717024.793751127,1682652.061232267,1225000.0,2100000.0,global_buckling,6.088357856356031,5.088357856356031
LE_upper_sandwich,beam_mapped,3.6,2.8887836937678983,117769.81752190838,1502047.5135842978,717040.7513783824,1682652.061232267,1225000.0,2100000.0,global_buckling,6.088493354801993,5.088493354801993
LE_upper_sandwich,beam_mapped,3.625,2.9088446916412862,117769.81752190838,1502264.4831815294,717090.192285859,1682652.061232267,1225000.0,2100000.0,global_buckling,6.0889131644655965,5.0889131644655965
LE_upper_sandwich,beam_mapped,3.6500000000000004,2.9289056895146746,117769.81752190838,1502625.4112309697,717172.4205019369,1682652.061232267,1225000.0,2100000.0,global_buckling,6.089611375754433,5.089611375754433
LE_upper_sandwich,beam_mapped,3.6750000000000003,2.948966687388063,117769.81752190838,1503127.4103621223,717286.7538267066,1682652.061232267,1225000.0,2100000.0,global_buckling,6.0905821960136075,5.0905821960136075
LE_upper_sandwich,beam_mapped,3.7,2.9690276852614508,117769.81752190838,1503767.6904201105,717432.523541215,1682652.061232267,1225000.0,2100000.0,global_buckling,6.09181994705692,5.09181994705692
LE_upper_sandwich,beam_mapped,3.725,2.989088683134839,117769.81752190838,1504543.5545641517,717609.0741218708,1682652.061232267,1225000.0,2100000.0,global_buckling,6.093319062741827,5.093319062741827
LE_upper_sandwich,beam_mapped,3.75,3.009149681008227,117769.81752190838,1505452.3955474903,717815.7629600539,1682652.061232267,1225000.0,2100000.0,global_buckling,6.0950740865886175,5.0950740865886175
LE_upper_sandwich,beam_mapped,3.7750000000000004,3.0292106788816158,117769.81752190838,1506491.692169214,718051.9600869694,1682652.061232267,1225000.0,2100000.0,global_buckling,6.097079669444103,5.097079669444103
LE_upper_sandwich,beam_mapped,3.8000000000000003,3.0492716767550037,117769.81752190838,1507659.005888926,718317.0479037589,1682652.061232267,1225000.0,2100000.0,global_buckling,6.099330567189955,5.099330567189955
LE_upper_sandwich,beam_mapped,3.825,3.069332674628392,117769.81752190838,1508951.977595802,718610.4209168811,1682652.061232267,1225000.0,2100000.0,global_buckling,6.101821638495789,5.101821638495789
LE_upper_sandwich,beam_mapped,3.85,3.08939367250178,117769.81752190838,1510368.324524019,718931.4854787518,1682652.061232267,1225000.0,2100000.0,global_buckling,6.1045478426169,5.1045478426169
LE_upper_sandwich,beam_mapped,3.875,3.109454670375168,117769.81752190838,1511905.8373070422,719279.6595336315,1682652.061232267,1225000.0,2100000.0,global_buckling,6.107504237236557,5.107504237236557
LE_upper_sandwich,beam_mapped,3.9000000000000004,3.1295156682485565,117769.81752190838,1513562.3771636628,719654.3723687333,1682652.061232267,1225000.0,2100000.0,global_buckling,6.110685976352626,5.110685976352626
LE_upper_sandwich,beam_mapped,3.9250000000000003,3.1495766661219444,117769.81752190838,1515335.873209097,720055.0643705176,1682652.061232267,1225000.0,2100000.0,global_buckling,6.114088308208237,5.114088308208237
LE_upper_sandwich,beam_mapped,3.95,3.1696376639953328,117769.81752190838,1517224.3198848362,720481.1867861367,1682652.061232267,1225000.0,2100000.0,global_buckling,6.117706573266174,5.117706573266174
LE_upper_sandwich,beam_mapped,3.975,3.1896986618687206,117769.81752190838,1519225.7745012885,720932.2014899736,1682652.061232267,1225000.0,2100000.0,global_buckling,6.1215362022265225,5.1215362022265225
LE_upper_sandwich,beam_mapped,4.0,3.209759659742109,117769.81752190838,1521338.354887594,721407.580755231,1682652.061232267,1225000.0,2100000.0,global_buckling,6.125572714087204,5.125572714087204
TE_upper_foam,109MPa_reference,0.5,0.6939969701364398,433392.3444976077,996501.8851283517,577242.7689336665,1682652.061232267,1225000.0,2100000.0,global_buckling,1.3319173175585544,0.33191731755855436
TE_upper_foam,109MPa_reference,0.525,0.7286968186432619,433392.3444976077,931108.2202233092,554676.7046936752,1682652.061232267,1225000.0,2100000.0,global_buckling,1.279848875357181,0.27984887535718106
TE_upper_foam,109MPa_reference,0.55,0.7633966671500838,433392.3444976077,874848.3029836148,534211.35289803,1682652.061232267,1225000.0,2100000.0,global_buckling,1.2326275710229553,0.23262757102295528
TE_upper_foam,109MPa_reference,0.575,0.7980965156569056,433392.3444976077,826187.9131418169,515665.5671036085,1682652.061232267,1225000.0,2100000.0,global_buckling,1.1898354312219628,0.18983543122196278
TE_upper_foam,109MPa_reference,0.6,0.8327963641637277,433392.3444976077,783905.6455828617,498870.87959682656,1682652.061232267,1225000.0,2100000.0,global_buckling,1.1510837372430336,0.1510837372430336
TE_upper_foam,109MPa_reference,0.625,0.8674962126705498,433392.3444976077,747019.3818529117,483672.11771606974,1682652.061232267,1225000.0,2100000.0,global_buckling,1.1160144470866158,0.11601444708661579
TE_upper_foam,109MPa_reference,0.65,0.9021960611773717,433392.3444976077,714732.1629458704,469927.3557835947,1682652.061232267,1225000.0,2100000.0,global_buckling,1.084300084553498,0.08430008455349802
TE_upper_foam,109MPa_reference,0.675,0.9368959096841938,433392.3444976077,686391.8259500564,457507.4450506135,1682652.061232267,1225000.0,2100000.0,global_buckling,1.0556426546503959,0.05564265465039586
TE_upper_foam,109MPa_reference,0.7,0.9715957581910156,433392.3444976077,661460.5451887104,446295.29210496193,1682652.061232267,1225000.0,2100000.0,global_buckling,1.0297719786036172,0.029771978603617244
TE_upper_foam,109MPa_reference,0.725,1.0062956066978377,433392.3444976077,639491.5945818042,436185.00327297964,1682652.061232267,1225000.0,2100000.0,global_buckling,1.0064437196707046,0.006443719670704562
TE_upper_foam,109MPa_reference,0.75,1.0409954552046596,433392.3444976077,620111.4389043732,427080.9742675447,1682652.061232267,1225000.0,2100000.0,global_buckling,0.9854372826142576,-0.01456271738574244
TE_upper_foam,109MPa_reference,0.775,1.0756953037114818,433392.3444976077,603005.8017478129,418896.9770447488,1682652.061232267,1225000.0,2100000.0,global_buckling,0.9665537067350323,-0.03344629326496773
TE_upper_foam,109MPa_reference,0.8,1.1103951522183038,433392.3444976077,587908.7320993186,411555.27664611174,1682652.061232267,1225000.0,2100000.0,global_buckling,0.9496136280930166,-0.05038637190698336
TE_upper_foam,109MPa_reference,0.825,1.1450950007251255,433392.3444976077,574593.9539971077,404985.79750813456,1682652.061232267,1225000.0,2100000.0,global_buckling,0.9344553558683594,-0.06554464413164063
TE_upper_foam,109MPa_reference,0.8500000000000001,1.1797948492319479,433392.3444976077,562867.9702312528,399125.3496562765,1682652.061232267,1225000.0,2100000.0,global_buckling,0.9209330868983074,-0.07906691310169256
TE_upper_foam,109MPa_reference,0.875,1.2144946977387696,433392.3444976077,552564.5250782507,393916.9191412461,1682652.061232267,1225000.0,2100000.0,global_buckling,0.9089152684454502,-0.09108473155454977
TE_upper_foam,109MPa_reference,0.9,1.2491945462455916,433392.3444976077,543540.1283878407,389309.0231295471,1682652.061232267,1225000.0,2100000.0,global_buckling,0.8982831101477753,-0.10171688985222471
TE_upper_foam,109MPa_reference,0.925,1.2838943947524137,433392.3444976077,535670.4147358437,385255.1275841562,1682652.061232267,1225000.0,2100000.0,global_buckling,0.8889292403878232,-0.11107075961217683
TE_upper_foam,109MPa_reference,0.95,1.3185942432592355,433392.3444976077,528847.1642210637,381713.12400522723,1682652.061232267,1225000.0,2100000.0,global_buckling,0.8807564989356528,-0.11924350106434722
TE_upper_foam,109MPa_reference,0.9750000000000001,1.3532940917660576,433392.3444976077,522975.85097425163,378644.86091882276,1682652.061232267,1225000.0,2100000.0,global_buckling,0.8736768559162053,-0.12632314408379475
TE_upper_foam,109MPa_reference,1.0,1.3879939402728796,433392.3444976077,517973.61519273353,376015.7254745377,1682652.061232267,1225000.0,2100000.0,global_buckling,0.867610446396829,-0.13238955360317095
TE_upper_foam,109MPa_reference,1.025,1.4226937887797015,433392.3444976077,513767.5770966404,373794.2704804851,1682652.061232267,1225000.0,2100000.0,global_buckling,0.862484709815977,-0.13751529018402298
TE_upper_foam,109MPa_reference,1.05,1.4573936372865237,433392.3444976077,510293.4284745934,371951.88235583436,1682652.061232267,1225000.0,2100000.0,global_buckling,0.8582336238241687,-0.14176637617583132
TE_upper_foam,109MPa_reference,1.0750000000000002,1.4920934857933459,433392.3444976077,507494.25079024304,370462.48574128817,1682652.061232267,1225000.0,2100000.0,global_buckling,0.8547970227086766,-0.14520297729132337
TE_upper_foam,109MPa_reference,1.1,1.5267933343001676,433392.3444976077,505319.51913660107,369302.28082552075,1682652.061232267,1225000.0,2100000.0,global_buckling,0.8521199913063053,-0.14788000869369466
TE_upper_foam,109MPa_reference,1.125,1.5614931828069896,433392.3444976077,503724.2593746402,368449.5097869129,1682652.061232267,1225000.0,2100000.0,global_buckling,0.8501523260961679,-0.14984767390383213
TE_upper_foam,109MPa_reference,1.15,1.5961930313138113,433392.3444976077,502668.33211189345,367884.2490930571,1682652.061232267,1225000.0,2100000.0,global_buckling,0.8488480559561149,-0.1511519440438851
TE_upper_foam,109MPa_reference,1.175,1.6308928798206337,433392.3444976077,502115.8221662973,367588.2247319456,1682652.061232267,1225000.0,2100000.0,global_buckling,0.848165015831226,-0.15183498416877395
TE_upper_foam,109MPa_reference,1.2000000000000002,1.6655927283274559,433392.3444976077,502034.51612170745,367544.6477605057,1682652.061232267,1225000.0,2100000.0,global_buckling,0.8480644672821038,-0.15193553271789617
TE_upper_foam,109MPa_reference,1.225,1.7002925768342776,433392.3444976077,502395.45374279685,367738.06784408726,1682652.061232267,1225000.0,2100000.0,global_buckling,0.8485107605450958,-0.15148923945490422
TE_upper_foam,109MPa_reference,1.25,1.7349924253410995,433392.3444976077,503172.5415525834,368154.2427229413,1682652.061232267,1225000.0,2100000.0,global_buckling,0.8494710333421072,-0.15052896665789284
TE_upper_foam,109MPa_reference,1.275,1.7696922738479213,433392.3444976077,504342.2189192199,368780.0217786177,1682652.061232267,1225000.0,2100000.0,global_buckling,0.8509149422242583,-0.14908505777574166
TE_upper_foam,109MPa_reference,1.3,1.8043921223547434,433392.3444976077,505883.1686529974,369603.24208548554,1682652.061232267,1225000.0,2100000.0,global_buckling,0.85281442272344,-0.14718557727656
TE_upper_foam,109MPa_reference,1.3250000000000002,1.8390919708615656,433392.3444976077,507776.06545971363,370612.63552174834,1682652.061232267,1225000.0,2100000.0,global_buckling,0.8551434750223054,-0.14485652497769463
TE_upper_foam,109MPa_reference,1.35,1.8737918193683876,433392.3444976077,510003.3566950289,371797.74568221834,1682652.061232267,1225000.0,2100000.0,global_buckling,0.8578779722406257,-0.14212202775937433
TE_upper_foam,109MPa_reference,1.375,1.9084916678752095,433392.3444976077,512549.07076502946,373148.85348363494,1682652.061232267,1225000.0,2100000.0,global_buckling,0.860995488778632,-0.13900451122136803
TE_upper_foam,109MPa_reference,1.4,1.9431915163820312,433392.3444976077,515398.64925948816,374656.91048441496,1682652.061232267,1225000.0,2100000.0,global_buckling,0.8644751464604679,-0.13552485353953214
TE_upper_foam,109MPa_reference,1.425,1.9778913648888534,433392.3444976077,518538.7995166815,376313.47905621736,1682652.061232267,1225000.0,2100000.0,global_buckling,0.8682974764873693,-0.13170252351263068
TE_upper_foam,109MPa_reference,1.4500000000000002,2.012591213395676,433392.3444976077,521957.36482636817,378110.67864636396,1682652.061232267,1225000.0,2100000.0,global_buckling,0.8724442954447506,-0.12755570455524945
TE_upper_foam,109MPa_reference,1.475,2.0472910619024973,433392.3444976077,525643.2098999446,380041.1374595276,1682652.061232267,1225000.0,2100000.0,global_buckling,0.876898593813591,-0.12310140618640897
TE_upper_foam,109MPa_reference,1.5,2.0819909104093193,433392.3444976077,529586.1195894276,382097.94896566326,1682652.061232267,1225000.0,2100000.0,global_buckling,0.881644435617788,-0.11835556438221195
TE_upper_foam,109MPa_reference,1.5250000000000001,2.1166907589161417,433392.3444976077,533776.7091321977,384274.6327101718,1682652.061232267,1225000.0,2100000.0,global_buckling,0.8866668679983871,-0.11333313200161288
TE_upper_foam,109MPa_reference,1.55,2.1513906074229636,433392.3444976077,538206.3444465155,386565.0989629485,1682652.061232267,1225000.0,2100000.0,global_buckling,0.8919518396455716,-0.10804816035442844
TE_upper_foam,109MPa_reference,1.575,2.186090455929785,433392.3444976077,542867.0712118195,388963.61679626285,1682652.061232267,1225000.0,2100000.0,global_buckling,0.8974861271422618,-0.10251387285773816
TE_upper_foam,109MPa_reference,1.6,2.2207903044366075,433392.3444976077,547751.5516444308,391464.7852282877,1682652.061232267,1225000.0,2100000.0,global_buckling,0.9032572683813259,-0.09674273161867408
TE_upper_foam,109MPa_reference,1.625,2.2554901529434295,433392.3444976077,552853.0080289423,394063.50711030693,1682652.061232267,1225000.0,2100000.0,global_buckling,0.9092535023134959,-0.09074649768650411
TE_upper_foam,109MPa_reference,1.6500000000000001,2.2901900014502514,433392.3444976077,558165.1721927276,396754.96547191695,1682652.061232267,1225000.0,2100000.0,global_buckling,0.9154637143668028,-0.08453628563319715
TE_upper_foam,109MPa_reference,1.675,2.3248898499570734,433392.3444976077,563682.2402193189,399534.60207047214,1682652.061232267,1225000.0,2100000.0,global_buckling,0.9218773869520382,-0.07812261304796175
TE_upper_foam,109MPa_reference,1.7000000000000002,2.3595896984638958,433392.3444976077,562867.9702312528,399125.3496562765,1682652.061232267,1225000.0,2100000.0,global_buckling,0.9209330868983074,-0.07906691310169256
TE_upper_foam,109MPa_reference,1.725,2.3942895469707173,433392.3444976077,557547.8857587028,396442.97242209036,1682652.061232267,1225000.0,2100000.0,global_buckling,0.9147438284394493,-0.08525617156055065
TE_upper_foam,109MPa_reference,1.75,2.4289893954775392,433392.3444976077,552564.5250782507,393916.9191412461,1682652.061232267,1225000.0,2100000.0,global_buckling,0.9089152684454502,-0.09108473155454977
TE_upper_foam,109MPa_reference,1.7750000000000001,2.4636892439843616,433392.3444976077,547900.6289700131,391540.922276868,1682652.061232267,1225000.0,2100000.0,global_buckling,0.9034329453390456,-0.09656705466095439
TE_upper_foam,109MPa_reference,1.8,2.498389092491183,433392.3444976077,543540.1283878407,389309.0231295471,1682652.061232267,1225000.0,2100000.0,global_buckling,0.8982831101477753,-0.10171688985222471
TE_upper_foam,109MPa_reference,1.8250000000000002,2.5330889409980055,433392.3444976077,539468.0473132194,387215.5550568058,1682652.061232267,1225000.0,2100000.0,global_buckling,0.8934526877849436,-0.10654731221505642
TE_upper_foam,109MPa_reference,1.85,2.5677887895048275,433392.3444976077,535670.4147358437,385255.1275841562,1682652.061232267,1225000.0,2100000.0,global_buckling,0.8889292403878232,-0.11107075961217683
TE_upper_foam,109MPa_reference,1.875,2.6024886380116494,433392.3444976077,532134.1847939268,383422.61137246515,1682652.061232267,1225000.0,2100000.0,global_buckling,0.884700932631683,-0.11529906736831697
TE_upper_foam,109MPa_reference,1.9000000000000001,2.6371884865184714,433392.3444976077,528847.1642210637,381713.12400522723,1682652.061232267,1225000.0,2100000.0,global_buckling,0.8807564989356528,-0.11924350106434722
TE_upper_foam,109MPa_reference,1.925,2.6718883350252933,433392.3444976077,525797.9463455173,380122.0165588223,1682652.061232267,1225000.0,2100000.0,global_buckling,0.87708521247523,-0.12291478752477003
TE_upper_foam,109MPa_reference,1.9500000000000002,2.7065881835321153,433392.3444976077,522975.85097425163,378644.86091882276,1682652.061232267,1225000.0,2100000.0,global_buckling,0.8736768559162053,-0.12632314408379475
TE_upper_foam,109MPa_reference,1.975,2.7412880320389372,433392.3444976077,520370.86956961156,377277.4378057737,1682652.061232267,1225000.0,2100000.0,global_buckling,0.8705216937856092,-0.12947830621439083
TE_upper_foam,109MPa_reference,2.0,2.775987880545759,433392.3444976077,517973.61519273353,376015.7254745377,1682652.061232267,1225000.0,2100000.0,global_buckling,0.867610446396829,-0.13238955360317095
TE_upper_foam,109MPa_reference,2.0250000000000004,2.8106877290525816,433392.3444976077,515775.2767458455,374855.8890521858,1682652.061232267,1225000.0,2100000.0,global_buckling,0.8649342652480909,-0.13506573475190908
TE_upper_foam,109MPa_reference,2.05,2.845387577559403,433392.3444976077,513767.5770966404,373794.2704804851,1682652.061232267,1225000.0,2100000.0,global_buckling,0.862484709815977,-0.13751529018402298
TE_upper_foam,109MPa_reference,2.075,2.8800874260662255,433392.3444976077,511942.73471282993,372827.3790302164,1682652.061232267,1225000.0,2100000.0,global_buckling,0.8602537256683693,-0.13974627433163067
TE_upper_foam,109MPa_reference,2.1,2.9147872745730474,433392.3444976077,510293.4284745934,371951.88235583436,1682652.061232267,1225000.0,2100000.0,global_buckling,0.8582336238241687,-0.14176637617583132
TE_upper_foam,109MPa_reference,2.125,2.949487123079869,433392.3444976077,508812.7653676029,371164.59806030185,1682652.061232267,1225000.0,2100000.0,global_buckling,0.8564170612901786,-0.14358293870982142
TE_upper_foam,109MPa_reference,2.1500000000000004,2.9841869715866918,433392.3444976077,507494.25079024304,370462.48574128817,1682652.061232267,1225000.0,2100000.0,global_buckling,0.8547970227086766,-0.14520297729132337
TE_upper_foam,109MPa_reference,2.175,3.018886820093513,433392.3444976077,506331.7612360383,369842.63949128176,1682652.061232267,1225000.0,2100000.0,global_buckling,0.8533668030523398,-0.1466331969476602
TE_upper_foam,109MPa_reference,2.2,3.0535866686003352,433392.3444976077,505319.51913660107,369302.28082552075,1682652.061232267,1225000.0,2100000.0,global_buckling,0.8521199913063053,-0.14788000869369466
TE_upper_foam,109MPa_reference,2.225,3.088286517107157,433392.3444976077,504452.06967199803,368838.75201297365,1682652.061232267,1225000.0,2100000.0,global_buckling,0.8510504550802227,-0.1489495449197773
TE_upper_foam,109MPa_reference,2.25,3.122986365613979,433392.3444976077,503724.2593746402,368449.5097869129,1682652.061232267,1225000.0,2100000.0,global_buckling,0.8501523260961679,-0.14984767390383213
TE_upper_foam,109MPa_reference,2.2750000000000004,3.1576862141208015,433392.3444976077,503131.2163698969,368132.1194128783,1682652.061232267,1225000.0,2100000.0,global_buckling,0.849419986501193,-0.150580013498807
TE_upper_foam,109MPa_reference,2.3,3.1923860626276226,433392.3444976077,502668.33211189345,367884.2490930571,1682652.061232267,1225000.0,2100000.0,global_buckling,0.8488480559561149,-0.1511519440438851
TE_upper_foam,109MPa_reference,2.325,3.2270859111344454,433392.3444976077,502331.2444865751,367703.6646872785,1682652.061232267,1225000.0,2100000.0,global_buckling,0.8484313794548538,-0.1515686205451462
TE_upper_foam,109MPa_reference,2.35,3.2617857596412674,433392.3444976077,502115.8221662973,367588.2247319456,1682652.061232267,1225000.0,2100000.0,global_buckling,0.848165015831226,-0.15183498416877395
TE_upper_foam,109MPa_reference,2.375,3.296485608148089,433392.3444976077,502018.150111114,367535.8757393092,1682652.061232267,1225000.0,2100000.0,global_buckling,0.8480442269125914,-0.1519557730874086
TE_upper_foam,109MPa_reference,2.4000000000000004,3.3311854566549117,433392.3444976077,502034.51612170745,367544.6477605057,1682652.061232267,1225000.0,2100000.0,global_buckling,0.8480644672821038,-0.15193553271789617
TE_upper_foam,109MPa_reference,2.425,3.365885305161733,433392.3444976077,502161.39835767803,367612.6501967614,1682652.061232267,1225000.0,2100000.0,global_buckling,0.8482213746135764,-0.15177862538642362
TE_upper_foam,109MPa_reference,2.45,3.400585153668555,433392.3444976077,502395.45374279685,367738.06784408726,1682652.061232267,1225000.0,2100000.0,global_buckling,0.8485107605450958,-0.15148923945490422
TE_upper_foam,109MPa_reference,2.475,3.435285002175377,433392.3444976077,502733.5071859116,367919.1571576633,1682652.061232267,1225000.0,2100000.0,global_buckling,0.8489286020595461,-0.15107139794045388
TE_upper_foam,109MPa_reference,2.5,3.469984850682199,433392.3444976077,503172.5415525834,368154.2427229413,1682652.061232267,1225000.0,2100000.0,global_buckling,0.8494710333421072,-0.15052896665789284
TE_upper_foam,109MPa_reference,2.525,3.504684699189021,433392.3444976077,503709.68832828995,368441.713921274,1682652.061232267,1225000.0,2100000.0,global_buckling,0.8501343380866013,-0.14986566191339867
TE_upper_foam,109MPa_reference,2.5500000000000003,3.5393845476958434,433392.3444976077,504342.21891922,368780.0217786177,1682652.061232267,1225000.0,2100000.0,global_buckling,0.8509149422242583,-0.14908505777574166
TE_upper_foam,109MPa_reference,2.575,3.5740843962026654,433392.3444976077,505067.53654138296,369167.6759865481,1682652.061232267,1225000.0,2100000.0,global_buckling,0.8518094070500729,-0.1481905929499271
TE_upper_foam,109MPa_reference,2.6,3.608784244709487,433392.3444976077,505883.1686529974,369603.24208548554,1682652.061232267,1225000.0,2100000.0,global_buckling,0.85281442272344,-0.14718557727656
TE_upper_foam,109MPa_reference,2.625,3.643484093216309,433392.3444976077,506786.75988896436,370085.3388006374,1682652.061232267,1225000.0,2100000.0,global_buckling,0.8539268021211673,-0.14607319787883266
TE_upper_foam,109MPa_reference,2.65,3.678183941723131,433392.3444976077,507776.06545971363,370612.63552174834,1682652.061232267,1225000.0,2100000.0,global_buckling,0.8551434750223054,-0.14485652497769463
TE_upper_foam,109MPa_reference,2.6750000000000003,3.712883790229953,433392.3444976077,508848.9449798671,371183.8499182882,1682652.061232267,1225000.0,2100000.0,global_buckling,0.856461482605485,-0.14353851739451495
TE_upper_foam,109MPa_reference,2.7,3.747583638736775,433392.3444976077,510003.3566950289,371797.74568221834,1682652.061232267,1225000.0,2100000.0,global_buckling,0.8578779722406257,-0.14212202775937433
TE_upper_foam,109MPa_reference,2.725,3.782283487243597,433392.3444976077,511237.3520776183,372453.1303909605,1682652.061232267,1225000.0,2100000.0,global_buckling,0.8593901925579962,-0.1406098074420038
TE_upper_foam,109MPa_reference,2.75,3.816983335750419,433392.3444976077,512549.07076502946,373148.85348363494,1682652.061232267,1225000.0,2100000.0,global_buckling,0.860995488778632,-0.13900451122136803
TE_upper_foam,109MPa_reference,2.775,3.8516831842572405,433392.3444976077,513936.73581555637,373883.80434406246,1682652.061232267,1225000.0,2100000.0,global_buckling,0.8626912982910945,-0.13730870170890552
TE_upper_foam,109MPa_reference,2.8000000000000003,3.8863830327640634,433392.3444976077,515398.64925948816,374656.91048441496,1682652.061232267,1225000.0,2100000.0,global_buckling,0.8644751464604679,-0.13552485353953214
TE_upper_foam,109MPa_reference,2.825,3.921082881270885,433392.3444976077,516933.1879245736,375467.1358237765,1682652.061232267,1225000.0,2100000.0,global_buckling,0.8663446426563473,-0.13365535734365275
TE_upper_foam,109MPa_reference,2.85,3.955782729777707,433392.3444976077,518538.7995166815,376313.47905621736,1682652.061232267,1225000.0,2100000.0,global_buckling,0.8682974764873693,-0.13170252351263068
TE_upper_foam,109MPa_reference,2.875,3.990482578284529,433392.3444976077,520213.99893798673,377194.97210331593,1682652.061232267,1225000.0,2100000.0,global_buckling,0.8703314142305946,-0.12966858576940543
TE_upper_foam,109MPa_reference,2.9000000000000004,4.025182426791352,433392.3444976077,521957.36482636817,378110.67864636396,1682652.061232267,1225000.0,2100000.0,global_buckling,0.8724442954447506,-0.12755570455524945
TE_upper_foam,109MPa_reference,2.9250000000000003,4.059882275298174,433392.3444976077,522975.85097425163,378644.86091882276,1682652.061232267,1225000.0,2100000.0,global_buckling,0.8736768559162053,-0.12632314408379475
TE_upper_foam,109MPa_reference,2.95,4.094582123804995,433392.3444976077,521215.66464167915,377721.3052078402,1682652.061232267,1225000.0,2100000.0,global_buckling,0.8715458637039336,-0.1284541362960664
TE_upper_foam,109MPa_reference,2.975,4.129281972311817,433392.3444976077,519549.15054310765,376845.31450873276,1682652.061232267,1225000.0,2100000.0,global_buckling,0.8695246219579057,-0.1304753780420943
TE_upper_foam,109MPa_reference,3.0,4.1639818208186385,433392.3444976077,517973.61519273353,376015.7254745377,1682652.061232267,1225000.0,2100000.0,global_buckling,0.867610446396829,-0.13238955360317095
TE_upper_foam,109MPa_reference,3.0250000000000004,4.198681669325461,433392.3444976077,516486.4759439566,375231.41098530043,1682652.061232267,1225000.0,2100000.0,global_buckling,0.8658007363288156,-0.1341992636711844
TE_upper_foam,109MPa_reference,3.0500000000000003,4.233381517832283,433392.3444976077,515085.2555607381,374491.2788369708,1682652.061232267,1225000.0,2100000.0,global_buckling,0.8640929716261705,-0.1359070283738295
TE_upper_foam,109MPa_reference,3.075,4.268081366339105,433392.3444976077,513767.5770966403,373794.270480485,1682652.061232267,1225000.0,2100000.0,global_buckling,0.8624847098159768,-0.1375152901840232
TE_upper_foam,109MPa_reference,3.1,4.302781214845927,433392.3444976077,512531.15906177927,373139.35980917834,1682652.061232267,1225000.0,2100000.0,global_buckling,0.8609735832821986,-0.13902641671780136
TE_upper_foam,109MPa_reference,3.125,4.337481063352748,433392.3444976077,511373.8108593379,372525.55199272215,1682652.061232267,1225000.0,2100000.0,global_buckling,0.8595572965751325,-0.14044270342486753
TE_upper_foam,109MPa_reference,3.1500000000000004,4.372180911859571,433392.3444976077,510293.4284745934,371951.88235583436,1682652.061232267,1225000.0,2100000.0,global_buckling,0.8582336238241687,-0.14176637617583132
TE_upper_foam,109MPa_reference,3.1750000000000003,4.406880760366393,433392.3444976077,509287.9904006158,371417.41530006216,1682652.061232267,1225000.0,2100000.0,global_buckling,0.8570004062499363,-0.14299959375006366
TE_upper_foam,109MPa_reference,3.2,4.441580608873215,433392.3444976077,508355.5537859027,370921.24326699105,1682652.061232267,1225000.0,2100000.0,global_buckling,0.8558555497720346,-0.1441444502279654
TE_upper_foam,109MPa_reference,3.225,4.476280457380037,433392.3444976077,507494.25079024304,370462.48574128817,1682652.061232267,1225000.0,2100000.0,global_buckling,0.8547970227086766,-0.14520297729132337
TE_upper_foam,109MPa_reference,3.25,4.510980305886859,433392.3444976077,506702.2851360419,370040.2882920369,1682652.061232267,1225000.0,2100000.0,global_buckling,0.8538228535646862,-0.14617714643531377
TE_upper_foam,109MPa_reference,3.2750000000000004,4.545680154393681,433392.3444976077,505977.92884322035,369653.82165087864,1682652.061232267,1225000.0,2100000.0,global_buckling,0.8529311289044219,-0.1470688710955781
TE_upper_foam,109MPa_reference,3.3000000000000003,4.580380002900503,433392.3444976077,505319.51913660107,369302.28082552075,1682652.061232267,1225000.0,2100000.0,global_buckling,0.8521199913063053,-0.14788000869369466
TE_upper_foam,109MPa_reference,3.325,4.615079851407325,433392.3444976077,504725.45551545057,368984.88424722984,1682652.061232267,1225000.0,2100000.0,global_buckling,0.8513876373957654,-0.1486123626042346
TE_upper_foam,109MPa_reference,3.35,4.649779699914147,433392.3444976077,504194.19697552815,368700.8729509717,1682652.061232267,1225000.0,2100000.0,global_buckling,0.8507323159535112,-0.14926768404648882
TE_upper_foam,109MPa_reference,3.375,4.684479548420969,433392.3444976077,503724.2593746402,368449.5097869129,1682652.061232267,1225000.0,2100000.0,global_buckling,0.8501523260961679,-0.14984767390383213
TE_upper_foam,109MPa_reference,3.4000000000000004,4.7191793969277915,433392.3444976077,503314.2129332903,368230.07866204384,1682652.061232267,1225000.0,2100000.0,global_buckling,0.8496460155264152,-0.15035398447358483
TE_upper_foam,109MPa_reference,3.4250000000000003,4.753879245434613,433392.3444976077,502962.6798625626,368041.88381073193,1682652.061232267,1225000.0,2100000.0,global_buckling,0.8492117788498765,-0.15078822115012347
TE_upper_foam,109MPa_reference,3.45,4.7885790939414346,433392.3444976077,502668.33211189345,367884.2490930571,1682652.061232267,1225000.0,2100000.0,global_buckling,0.8488480559561149,-0.1511519440438851
TE_upper_foam,109MPa_reference,3.475,4.8232789424482565,433392.3444976077,502429.8892298522,367756.5173198257,1682652.061232267,1225000.0,2100000.0,global_buckling,0.8485533304611839,-0.15144666953881614
TE_upper_foam,109MPa_reference,3.5,4.8579787909550785,433392.3444976077,502246.11633149954,367658.0496032032,1682652.061232267,1225000.0,2100000.0,global_buckling,0.8483261282092921,-0.1516738717907079
TE_upper_foam,109MPa_reference,3.5250000000000004,4.892678639461901,433392.3444976077,502115.8221662973,367588.2247319456,1682652.061232267,1225000.0,2100000.0,global_buckling,0.848165015831226,-0.15183498416877395
TE_upper_foam,109MPa_reference,3.5500000000000003,4.927378487968723,433392.3444976077,502037.8572809239,367546.4385702509,1682652.061232267,1225000.0,2100000.0,global_buckling,0.848068599357273,-0.15193140064272703
TE_upper_foam,109MPa_reference,3.575,4.962078336475545,433392.3444976077,502011.1122717065,367532.1034792885,1682652.061232267,1225000.0,2100000.0,global_buckling,0.8480355228824705,-0.15196447711752947
TE_upper_foam,109MPa_reference,3.6,4.996778184982366,433392.3444976077,502034.51612170745,367544.6477605057,1682652.061232267,1225000.0,2100000.0,global_buckling,0.8480644672821038,-0.15193553271789617
TE_upper_foam,109MPa_reference,3.625,5.031478033489188,433392.3444976077,502107.0346178097,367583.5151198404,1682652.061232267,1225000.0,2100000.0,global_buckling,0.8481541489754428,-0.15184585102455717
TE_upper_foam,109MPa_reference,3.6500000000000004,5.066177881996011,433392.3444976077,502227.66884343623,367648.16415201203,1682652.061232267,1225000.0,2100000.0,global_buckling,0.8483033187358053,-0.15169668126419467
TE_upper_foam,109MPa_reference,3.6750000000000003,5.100877730502833,433392.3444976077,502395.45374279685,367738.06784408726,1682652.061232267,1225000.0,2100000.0,global_buckling,0.8485107605450958,-0.15148923945490422
TE_upper_foam,109MPa_reference,3.7,5.135577579009655,433392.3444976077,502609.4567528132,367852.71309755696,1682652.061232267,1225000.0,2100000.0,global_buckling,0.8487752904910565,-0.1512247095089435
TE_upper_foam,109MPa_reference,3.725,5.170277427516477,433392.3444976077,502868.77649909764,367991.60026818764,1682652.061232267,1225000.0,2100000.0,global_buckling,0.8490957557055301,-0.1509042442944699
TE_upper_foam,109MPa_reference,3.75,5.204977276023299,433392.3444976077,503172.5415525834,368154.2427229413,1682652.061232267,1225000.0,2100000.0,global_buckling,0.8494710333421072,-0.15052896665789284
TE_upper_foam,109MPa_reference,3.7750000000000004,5.239677124530121,433392.3444976077,503519.90924360184,368340.1664132873,1682652.061232267,1225000.0,2100000.0,global_buckling,0.8499000295915945,-0.1500999704084055
TE_upper_foam,109MPa_reference,3.8000000000000003,5.274376973036943,433392.3444976077,503910.06453039404,368548.90946425695,1682652.061232267,1225000.0,2100000.0,global_buckling,0.8503816787338092,-0.1496183212661908
TE_upper_foam,109MPa_reference,3.825,5.309076821543765,433392.3444976077,504342.21891922,368780.0217786177,1682652.061232267,1225000.0,2100000.0,global_buckling,0.8509149422242583,-0.14908505777574166
TE_upper_foam,109MPa_reference,3.85,5.343776670050587,433392.3444976077,504815.60943339294,369033.0646555693,1682652.061232267,1225000.0,2100000.0,global_buckling,0.8514988078143276,-0.14850119218567237
TE_upper_foam,109MPa_reference,3.875,5.378476518557409,433392.3444976077,505329.4976287231,369307.6104233906,1682652.061232267,1225000.0,2100000.0,global_buckling,0.8521322887036579,-0.14786771129634213
TE_upper_foam,109MPa_reference,3.9000000000000004,5.4131763670642306,433392.3444976077,505883.1686529974,369603.24208548554,1682652.061232267,1225000.0,2100000.0,global_buckling,0.85281442272344,-0.14718557727656
TE_upper_foam,109MPa_reference,3.9250000000000003,5.4478762155710525,433392.3444976077,506475.9303472588,369919.55297930347,1682652.061232267,1225000.0,2100000.0,global_buckling,0.8535442715494146,-0.1464557284505854
TE_upper_foam,109MPa_reference,3.95,5.4825760640778745,433392.3444976077,507107.1123867763,370256.14644762775,1682652.061232267,1225000.0,2100000.0,global_buckling,0.8543209199434106,-0.14567908005658936
TE_upper_foam,109MPa_reference,3.975,5.517275912584696,433392.3444976077,507776.06545971363,370612.63552174834,1682652.061232267,1225000.0,2100000.0,global_buckling,0.8551434750223054,-0.14485652497769463
TE_upper_foam,109MPa_reference,4.0,5.551975761091518,433392.3444976077,508482.16048161907,370988.64261605445,1682652.061232267,1225000.0,2100000.0,global_buckling,0.8560110655533333,-0.14398893444666672
TE_upper_foam,beam_mapped,0.5,0.6939969701364398,122610.94377558815,996501.8851283517,577242.7689336665,1682652.061232267,1225000.0,2100000.0,global_buckling,4.707922075782893,3.707922075782893
TE_upper_foam,beam_mapped,0.525,0.7286968186432619,122610.94377558815,931108.2202233092,554676.7046936752,1682652.061232267,1225000.0,2100000.0,global_buckling,4.5238759902940355,3.5238759902940355
TE_upper_foam,beam_mapped,0.55,0.7633966671500838,122610.94377558815,874848.3029836148,534211.35289803,1682652.061232267,1225000.0,2100000.0,global_buckling,4.356963060946534,3.3569630609465344
TE_upper_foam,beam_mapped,0.575,0.7980965156569056,122610.94377558815,826187.9131418169,515665.5671036085,1682652.061232267,1225000.0,2100000.0,global_buckling,4.205705879300781,3.2057058793007807
TE_upper_foam,beam_mapped,0.6,0.8327963641637277,122610.94377558815,783905.6455828617,498870.87959682656,1682652.061232267,1225000.0,2100000.0,global_buckling,4.068730443098929,3.0687304430989286
TE_upper_foam,beam_mapped,0.625,0.8674962126705498,122610.94377558815,747019.3818529117,483672.11771606974,1682652.061232267,1225000.0,2100000.0,global_buckling,3.944771182915965,2.944771182915965
TE_upper_foam,beam_mapped,0.65,0.9021960611773717,122610.94377558815,714732.1629458704,469927.3557835947,1682652.061232267,1225000.0,2100000.0,global_buckling,3.8326705701221204,2.8326705701221204
TE_upper_foam,beam_mapped,0.675,0.9368959096841938,122610.94377558815,686391.8259500564,457507.4450506135,1682652.061232267,1225000.0,2100000.0,global_buckling,3.7313752831719356,2.7313752831719356
TE_upper_foam,beam_mapped,0.7,0.9715957581910156,122610.94377558815,661460.5451887104,446295.29210496193,1682652.061232267,1225000.0,2100000.0,global_buckling,3.639930322384643,2.639930322384643
TE_upper_foam,beam_mapped,0.725,1.0062956066978377,122610.94377558815,639491.5945818042,436185.00327297964,1682652.061232267,1225000.0,2100000.0,global_buckling,3.557472031789581,2.557472031789581
TE_upper_foam,beam_mapped,0.75,1.0409954552046596,122610.94377558815,620111.4389043732,427080.9742675447,1682652.061232267,1225000.0,2100000.0,global_buckling,3.4832206744058727,2.4832206744058727
TE_upper_foam,beam_mapped,0.775,1.0756953037114818,122610.94377558815,603005.8017478129,418896.9770447488,1682652.061232267,1225000.0,2100000.0,global_buckling,3.4164729847561226,2.4164729847561226
TE_upper_foam,beam_mapped,0.8,1.1103951522183038,122610.94377558815,587908.7320993186,411555.27664611174,1682652.061232267,1225000.0,2100000.0,global_buckling,3.3565949659385335,2.3565949659385335
TE_upper_foam,beam_mapped,0.825,1.1450950007251255,122610.94377558815,574593.9539971077,404985.79750813456,1682652.061232267,1225000.0,2100000.0,global_buckling,3.3030150901486435,2.3030150901486435
TE_upper_foam,beam_mapped,0.8500000000000001,1.1797948492319479,122610.94377558815,562867.9702312528,399125.3496562765,1682652.061232267,1225000.0,2100000.0,global_buckling,3.255217987611171,2.255217987611171
TE_upper_foam,beam_mapped,0.875,1.2144946977387696,122610.94377558815,552564.5250782507,393916.9191412461,1682652.061232267,1225000.0,2100000.0,global_buckling,3.2127386594643847,2.2127386594643847
TE_upper_foam,beam_mapped,0.9,1.2491945462455916,122610.94377558815,543540.1283878407,389309.0231295471,1682652.061232267,1225000.0,2100000.0,global_buckling,3.175157217956743,2.175157217956743
TE_upper_foam,beam_mapped,0.925,1.2838943947524137,122610.94377558815,535670.4147358437,385255.1275841562,1682652.061232267,1225000.0,2100000.0,global_buckling,3.1420941371210658,2.1420941371210658
TE_upper_foam,beam_mapped,0.95,1.3185942432592355,122610.94377558815,528847.1642210637,381713.12400522723,1682652.061232267,1225000.0,2100000.0,global_buckling,3.1132059851351244,2.1132059851351244
TE_upper_foam,beam_mapped,0.9750000000000001,1.3532940917660576,122610.94377558815,522975.85097425163,378644.86091882276,1682652.061232267,1225000.0,2100000.0,global_buckling,3.0881816032005047,2.0881816032005047
TE_upper_foam,beam_mapped,1.0,1.3879939402728796,122610.94377558815,517973.61519273353,376015.7254745377,1682652.061232267,1225000.0,2100000.0,global_buckling,3.066738693103531,2.066738693103531
TE_upper_foam,beam_mapped,1.025,1.4226937887797015,122610.94377558815,513767.5770966404,373794.2704804851,1682652.061232267,1225000.0,2100000.0,global_buckling,3.0486207753577994,2.0486207753577994
TE_upper_foam,beam_mapped,1.05,1.4573936372865237,122610.94377558815,510293.4284745934,371951.88235583436,1682652.061232267,1225000.0,2100000.0,global_buckling,3.033594481065319,2.033594481065319
TE_upper_foam,beam_mapped,1.0750000000000002,1.4920934857933459,122610.94377558815,507494.25079024304,370462.48574128817,1682652.061232267,1225000.0,2100000.0,global_buckling,3.021447142755354,2.021447142755354
TE_upper_foam,beam_mapped,1.1,1.5267933343001676,122610.94377558815,505319.51913660107,369302.28082552075,1682652.061232267,1225000.0,2100000.0,global_buckling,3.011984652050683,2.011984652050683
TE_upper_foam,beam_mapped,1.125,1.5614931828069896,122610.94377558815,503724.2593746402,368449.5097869129,1682652.061232267,1225000.0,2100000.0,global_buckling,3.0050295547946937,2.0050295547946937
TE_upper_foam,beam_mapped,1.15,1.5961930313138113,122610.94377558815,502668.33211189345,367884.2490930571,1682652.061232267,1225000.0,2100000.0,global_buckling,3.000419357071313,2.000419357071313
TE_upper_foam,beam_mapped,1.175,1.6308928798206337,122610.94377558815,502115.8221662973,367588.2247319456,1682652.061232267,1225000.0,2100000.0,global_buckling,2.9980050182529667,1.9980050182529667
TE_upper_foam,beam_mapped,1.2000000000000002,1.6655927283274559,122610.94377558815,502034.51612170745,367544.6477605057,1682652.061232267,1225000.0,2100000.0,global_buckling,2.997649609754361,1.9976496097543608
TE_upper_foam,beam_mapped,1.225,1.7002925768342776,122610.94377558815,502395.45374279685,367738.06784408726,1682652.061232267,1225000.0,2100000.0,global_buckling,2.9992271205182903,1.9992271205182903
TE_upper_foam,beam_mapped,1.25,1.7349924253410995,122610.94377558815,503172.5415525834,368154.2427229413,1682652.061232267,1225000.0,2100000.0,global_buckling,3.002621392400054,2.002621392400054
TE_upper_foam,beam_mapped,1.275,1.7696922738479213,122610.94377558815,504342.2189192199,368780.0217786177,1682652.061232267,1225000.0,2100000.0,global_buckling,3.0077251705491057,2.0077251705491057
TE_upper_foam,beam_mapped,1.3,1.8043921223547434,122610.94377558815,505883.1686529974,369603.24208548554,1682652.061232267,1225000.0,2100000.0,global_buckling,3.0144392556178463,2.0144392556178463
TE_upper_foam,beam_mapped,1.3250000000000002,1.8390919708615656,122610.94377558815,507776.06545971363,370612.63552174834,1682652.061232267,1225000.0,2100000.0,global_buckling,3.022671746170323,2.022671746170323
TE_upper_foam,beam_mapped,1.35,1.8737918193683876,122610.94377558815,510003.3566950289,371797.74568221834,1682652.061232267,1225000.0,2100000.0,global_buckling,3.0323373610328845,2.0323373610328845
TE_upper_foam,beam_mapped,1.375,1.9084916678752095,122610.94377558815,512549.07076502946,373148.85348363494,1682652.061232267,1225000.0,2100000.0,global_buckling,3.0433568325401708,2.0433568325401708
TE_upper_foam,beam_mapped,1.4,1.9431915163820312,122610.94377558815,515398.64925948816,374656.91048441496,1682652.061232267,1225000.0,2100000.0,global_buckling,3.0556563626990787,2.0556563626990787
TE_upper_foam,beam_mapped,1.425,1.9778913648888534,122610.94377558815,518538.7995166815,376313.47905621736,1682652.061232267,1225000.0,2100000.0,global_buckling,3.069167135235292,2.069167135235292
TE_upper_foam,beam_mapped,1.4500000000000002,2.012591213395676,122610.94377558815,521957.36482636817,378110.67864636396,1682652.061232267,1225000.0,2100000.0,global_buckling,3.0838248773160966,2.0838248773160966
TE_upper_foam,beam_mapped,1.475,2.0472910619024973,122610.94377558815,525643.2098999446,380041.1374595276,1682652.061232267,1225000.0,2100000.0,global_buckling,3.0995694654720847,2.0995694654720847
TE_upper_foam,beam_mapped,1.5,2.0819909104093193,122610.94377558815,529586.1195894276,382097.94896566326,1682652.061232267,1225000.0,2100000.0,global_buckling,3.1163445708811106,2.1163445708811106
TE_upper_foam,beam_mapped,1.5250000000000001,2.1166907589161417,122610.94377558815,533776.7091321977,384274.6327101718,1682652.061232267,1225000.0,2100000.0,global_buckling,3.134097339740736,2.134097339740736
TE_upper_foam,beam_mapped,1.55,2.1513906074229636,122610.94377558815,538206.3444465155,386565.0989629485,1682652.061232267,1225000.0,2100000.0,global_buckling,3.152778104950152,2.152778104950152
TE_upper_foam,beam_mapped,1.575,2.186090455929785,122610.94377558815,542867.0712118195,388963.61679626285,1682652.061232267,1225000.0,2100000.0,global_buckling,3.1723401257572372,2.1723401257572372
TE_upper_foam,beam_mapped,1.6,2.2207903044366075,122610.94377558815,547751.5516444308,391464.7852282877,1682652.061232267,1225000.0,2100000.0,global_buckling,3.1927393524086742,2.1927393524086742
TE_upper_foam,beam_mapped,1.625,2.2554901529434295,122610.94377558815,552853.0080289423,394063.50711030693,1682652.061232267,1225000.0,2100000.0,global_buckling,3.213934213177185,2.213934213177185
TE_upper_foam,beam_mapped,1.6500000000000001,2.2901900014502514,122610.94377558815,558165.1721927276,396754.96547191695,1682652.061232267,1225000.0,2100000.0,global_buckling,3.235885421435855,2.235885421435855
TE_upper_foam,beam_mapped,1.675,2.3248898499570734,122610.94377558815,563682.2402193189,399534.60207047214,1682652.061232267,1225000.0,2100000.0,global_buckling,3.2585558007100137,2.2585558007100137
TE_upper_foam,beam_mapped,1.7000000000000002,2.3595896984638958,122610.94377558815,562867.9702312528,399125.3496562765,1682652.061232267,1225000.0,2100000.0,global_buckling,3.255217987611171,2.255217987611171
TE_upper_foam,beam_mapped,1.725,2.3942895469707173,122610.94377558815,557547.8857587028,396442.97242209036,1682652.061232267,1225000.0,2100000.0,global_buckling,3.2333408439273605,2.2333408439273605
TE_upper_foam,beam_mapped,1.75,2.4289893954775392,122610.94377558815,552564.5250782507,393916.9191412461,1682652.061232267,1225000.0,2100000.0,global_buckling,3.2127386594643847,2.2127386594643847
TE_upper_foam,beam_mapped,1.7750000000000001,2.4636892439843616,122610.94377558815,547900.6289700131,391540.922276868,1682652.061232267,1225000.0,2100000.0,global_buckling,3.193360316950956,2.193360316950956
TE_upper_foam,beam_mapped,1.8,2.498389092491183,122610.94377558815,543540.1283878407,389309.0231295471,1682652.061232267,1225000.0,2100000.0,global_buckling,3.175157217956743,2.175157217956743
TE_upper_foam,beam_mapped,1.8250000000000002,2.5330889409980055,122610.94377558815,539468.0473132194,387215.5550568058,1682652.061232267,1225000.0,2100000.0,global_buckling,3.1580831460323564,2.1580831460323564
TE_upper_foam,beam_mapped,1.85,2.5677887895048275,122610.94377558815,535670.4147358437,385255.1275841562,1682652.061232267,1225000.0,2100000.0,global_buckling,3.1420941371210658,2.1420941371210658
TE_upper_foam,beam_mapped,1.875,2.6024886380116494,122610.94377558815,532134.1847939268,383422.61137246515,1682652.061232267,1225000.0,2100000.0,global_buckling,3.127148356954452,2.127148356954452
TE_upper_foam,beam_mapped,1.9000000000000001,2.6371884865184714,122610.94377558815,528847.1642210637,381713.12400522723,1682652.061232267,1225000.0,2100000.0,global_buckling,3.1132059851351244,2.1132059851351244
TE_upper_foam,beam_mapped,1.925,2.6718883350252933,122610.94377558815,525797.9463455173,380122.0165588223,1682652.061232267,1225000.0,2100000.0,global_buckling,3.1002291056053726,2.1002291056053726
TE_upper_foam,beam_mapped,1.9500000000000002,2.7065881835321153,122610.94377558815,522975.85097425163,378644.86091882276,1682652.061232267,1225000.0,2100000.0,global_buckling,3.0881816032005047,2.0881816032005047
TE_upper_foam,beam_mapped,1.975,2.7412880320389372,122610.94377558815,520370.86956961156,377277.4378057737,1682652.061232267,1225000.0,2100000.0,global_buckling,3.0770290659885586,2.0770290659885586
TE_upper_foam,beam_mapped,2.0,2.775987880545759,122610.94377558815,517973.61519273353,376015.7254745377,1682652.061232267,1225000.0,2100000.0,global_buckling,3.066738693103531,2.066738693103531
TE_upper_foam,beam_mapped,2.0250000000000004,2.8106877290525816,122610.94377558815,515775.2767458455,374855.8890521858,1682652.061232267,1225000.0,2100000.0,global_buckling,3.0572792077865047,2.0572792077865047
TE_upper_foam,beam_mapped,2.05,2.845387577559403,122610.94377558815,513767.5770966404,373794.2704804851,1682652.061232267,1225000.0,2100000.0,global_buckling,3.0486207753577994,2.0486207753577994
TE_upper_foam,beam_mapped,2.075,2.8800874260662255,122610.94377558815,511942.73471282993,372827.3790302164,1682652.061232267,1225000.0,2100000.0,global_buckling,3.0407349258528944,2.0407349258528944
TE_upper_foam,beam_mapped,2.1,2.9147872745730474,122610.94377558815,510293.4284745934,371951.88235583436,1682652.061232267,1225000.0,2100000.0,global_buckling,3.033594481065319,2.033594481065319
TE_upper_foam,beam_mapped,2.125,2.949487123079869,122610.94377558815,508812.7653676029,371164.59806030185,1682652.061232267,1225000.0,2100000.0,global_buckling,3.027173485750468,2.027173485750468
TE_upper_foam,beam_mapped,2.1500000000000004,2.9841869715866918,122610.94377558815,507494.25079024304,370462.48574128817,1682652.061232267,1225000.0,2100000.0,global_buckling,3.021447142755354,2.021447142755354
TE_upper_foam,beam_mapped,2.175,3.018886820093513,122610.94377558815,506331.7612360383,369842.63949128176,1682652.061232267,1225000.0,2100000.0,global_buckling,3.016391751850437,2.016391751850437
TE_upper_foam,beam_mapped,2.2,3.0535866686003352,122610.94377558815,505319.51913660107,369302.28082552075,1682652.061232267,1225000.0,2100000.0,global_buckling,3.011984652050683,2.011984652050683
TE_upper_foam,beam_mapped,2.225,3.088286517107157,122610.94377558815,504452.06967199803,368838.75201297365,1682652.061232267,1225000.0,2100000.0,global_buckling,3.0082041672238518,2.0082041672238518
TE_upper_foam,beam_mapped,2.25,3.122986365613979,122610.94377558815,503724.2593746402,368449.5097869129,1682652.061232267,1225000.0,2100000.0,global_buckling,3.0050295547946937,2.0050295547946937
TE_upper_foam,beam_mapped,2.2750000000000004,3.1576862141208015,122610.94377558815,503131.2163698969,368132.1194128783,1682652.061232267,1225000.0,2100000.0,global_buckling,3.0024409573639823,2.0024409573639823
TE_upper_foam,beam_mapped,2.3,3.1923860626276226,122610.94377558815,502668.33211189345,367884.2490930571,1682652.061232267,1225000.0,2100000.0,global_buckling,3.000419357071313,2.000419357071313
TE_upper_foam,beam_mapped,2.325,3.2270859111344454,122610.94377558815,502331.2444865751,367703.6646872785,1682652.061232267,1225000.0,2100000.0,global_buckling,2.9989465325401756,1.9989465325401756
TE_upper_foam,beam_mapped,2.35,3.2617857596412674,122610.94377558815,502115.8221662973,367588.2247319456,1682652.061232267,1225000.0,2100000.0,global_buckling,2.9980050182529667,1.9980050182529667
TE_upper_foam,beam_mapped,2.375,3.296485608148089,122610.94377558815,502018.150111114,367535.8757393092,1682652.061232267,1225000.0,2100000.0,global_buckling,2.9975780662124354,1.9975780662124354
TE_upper_foam,beam_mapped,2.4000000000000004,3.3311854566549117,122610.94377558815,502034.51612170745,367544.6477605057,1682652.061232267,1225000.0,2100000.0,global_buckling,2.997649609754361,1.9976496097543608
TE_upper_foam,beam_mapped,2.425,3.365885305161733,122610.94377558815,502161.39835767803,367612.6501967614,1682652.061232267,1225000.0,2100000.0,global_buckling,2.998204229384238,1.9982042293842381
TE_upper_foam,beam_mapped,2.45,3.400585153668555,122610.94377558815,502395.45374279685,367738.06784408726,1682652.061232267,1225000.0,2100000.0,global_buckling,2.9992271205182903,1.9992271205182903
TE_upper_foam,beam_mapped,2.475,3.435285002175377,122610.94377558815,502733.5071859116,367919.1571576633,1682652.061232267,1225000.0,2100000.0,global_buckling,3.0007040630162414,2.0007040630162414
TE_upper_foam,beam_mapped,2.5,3.469984850682199,122610.94377558815,503172.5415525834,368154.2427229413,1682652.061232267,1225000.0,2100000.0,global_buckling,3.002621392400054,2.002621392400054
TE_upper_foam,beam_mapped,2.525,3.504684699189021,122610.94377558815,503709.68832828995,368441.713921274,1682652.061232267,1225000.0,2100000.0,global_buckling,3.0049659726592104,2.0049659726592104
TE_upper_foam,beam_mapped,2.5500000000000003,3.5393845476958434,122610.94377558815,504342.21891922,368780.0217786177,1682652.061232267,1225000.0,2100000.0,global_buckling,3.0077251705491057,2.0077251705491057
TE_upper_foam,beam_mapped,2.575,3.5740843962026654,122610.94377558815,505067.53654138296,369167.6759865481,1682652.061232267,1225000.0,2100000.0,global_buckling,3.0108868312948216,2.0108868312948216
TE_upper_foam,beam_mapped,2.6,3.608784244709487,122610.94377558815,505883.1686529974,369603.24208548554,1682652.061232267,1225000.0,2100000.0,global_buckling,3.0144392556178463,2.0144392556178463
TE_upper_foam,beam_mapped,2.625,3.643484093216309,122610.94377558815,506786.75988896436,370085.3388006374,1682652.061232267,1225000.0,2100000.0,global_buckling,3.0183711780083486,2.0183711780083486
TE_upper_foam,beam_mapped,2.65,3.678183941723131,122610.94377558815,507776.06545971363,370612.63552174834,1682652.061232267,1225000.0,2100000.0,global_buckling,3.022671746170323,2.022671746170323
TE_upper_foam,beam_mapped,2.6750000000000003,3.712883790229953,122610.94377558815,508848.9449798671,371183.8499182882,1682652.061232267,1225000.0,2100000.0,global_buckling,3.0273305015713525,2.0273305015713525
TE_upper_foam,beam_mapped,2.7,3.747583638736775,122610.94377558815,510003.3566950289,371797.74568221834,1682652.061232267,1225000.0,2100000.0,global_buckling,3.0323373610328845,2.0323373610328845
TE_upper_foam,beam_mapped,2.725,3.782283487243597,122610.94377558815,511237.3520776183,372453.1303909605,1682652.061232267,1225000.0,2100000.0,global_buckling,3.037682599300862,2.037682599300862
TE_upper_foam,beam_mapped,2.75,3.816983335750419,122610.94377558815,512549.07076502946,373148.85348363494,1682652.061232267,1225000.0,2100000.0,global_buckling,3.0433568325401708,2.0433568325401708
TE_upper_foam,beam_mapped,2.775,3.8516831842572405,122610.94377558815,513936.73581555637,373883.80434406246,1682652.061232267,1225000.0,2100000.0,global_buckling,3.049351002699832,2.049351002699832
TE_upper_foam,beam_mapped,2.8000000000000003,3.8863830327640634,122610.94377558815,515398.64925948816,374656.91048441496,1682652.061232267,1225000.0,2100000.0,global_buckling,3.0556563626990787,2.0556563626990787
TE_upper_foam,beam_mapped,2.825,3.921082881270885,122610.94377558815,516933.1879245736,375467.1358237765,1682652.061232267,1225000.0,2100000.0,global_buckling,3.0622644623875086,2.0622644623875086
TE_upper_foam,beam_mapped,2.85,3.955782729777707,122610.94377558815,518538.7995166815,376313.47905621736,1682652.061232267,1225000.0,2100000.0,global_buckling,3.069167135235292,2.069167135235292
TE_upper_foam,beam_mapped,2.875,3.990482578284529,122610.94377558815,520213.99893798673,377194.97210331593,1682652.061232267,1225000.0,2100000.0,global_buckling,3.07635648571213,2.07635648571213
TE_upper_foam,beam_mapped,2.9000000000000004,4.025182426791352,122610.94377558815,521957.36482636817,378110.67864636396,1682652.061232267,1225000.0,2100000.0,global_buckling,3.0838248773160966,2.0838248773160966
TE_upper_foam,beam_mapped,2.9250000000000003,4.059882275298174,122610.94377558815,522975.85097425163,378644.86091882276,1682652.061232267,1225000.0,2100000.0,global_buckling,3.0881816032005047,2.0881816032005047
TE_upper_foam,beam_mapped,2.95,4.094582123804995,122610.94377558815,521215.66464167915,377721.3052078402,1682652.061232267,1225000.0,2100000.0,global_buckling,3.0806491947339905,2.0806491947339905
TE_upper_foam,beam_mapped,2.975,4.129281972311817,122610.94377558815,519549.15054310765,376845.31450873276,1682652.061232267,1225000.0,2100000.0,global_buckling,3.0735047207406185,2.0735047207406185
TE_upper_foam,beam_mapped,3.0,4.1639818208186385,122610.94377558815,517973.61519273353,376015.7254745377,1682652.061232267,1225000.0,2100000.0,global_buckling,3.066738693103531,2.066738693103531
TE_upper_foam,beam_mapped,3.0250000000000004,4.198681669325461,122610.94377558815,516486.4759439566,375231.41098530043,1682652.061232267,1225000.0,2100000.0,global_buckling,3.0603419191689563,2.0603419191689563
TE_upper_foam,beam_mapped,3.0500000000000003,4.233381517832283,122610.94377558815,515085.2555607381,374491.2788369708,1682652.061232267,1225000.0,2100000.0,global_buckling,3.05430549105301,2.05430549105301
TE_upper_foam,beam_mapped,3.075,4.268081366339105,122610.94377558815,513767.5770966403,373794.270480485,1682652.061232267,1225000.0,2100000.0,global_buckling,3.0486207753577985,2.0486207753577985
TE_upper_foam,beam_mapped,3.1,4.302781214845927,122610.94377558815,512531.15906177927,373139.35980917834,1682652.061232267,1225000.0,2100000.0,global_buckling,3.0432794032817028,2.0432794032817028
TE_upper_foam,beam_mapped,3.125,4.337481063352748,122610.94377558815,511373.8108593379,372525.55199272215,1682652.061232267,1225000.0,2100000.0,global_buckling,3.0382732611091114,2.0382732611091114
TE_upper_foam,beam_mapped,3.1500000000000004,4.372180911859571,122610.94377558815,510293.4284745934,371951.88235583436,1682652.061232267,1225000.0,2100000.0,global_buckling,3.033594481065319,2.033594481065319
TE_upper_foam,beam_mapped,3.1750000000000003,4.406880760366393,122610.94377558815,509287.9904006158,371417.41530006216,1682652.061232267,1225000.0,2100000.0,global_buckling,3.0292354325227158,2.0292354325227158
TE_upper_foam,beam_mapped,3.2,4.441580608873215,122610.94377558815,508355.5537859027,370921.24326699105,1682652.061232267,1225000.0,2100000.0,global_buckling,3.0251887135448468,2.0251887135448468
TE_upper_foam,beam_mapped,3.225,4.476280457380037,122610.94377558815,507494.25079024304,370462.48574128817,1682652.061232267,1225000.0,2100000.0,global_buckling,3.021447142755354,2.021447142755354
TE_upper_foam,beam_mapped,3.25,4.510980305886859,122610.94377558815,506702.2851360419,370040.2882920369,1682652.061232267,1225000.0,2100000.0,global_buckling,3.0180037515192177,2.0180037515192177
TE_upper_foam,beam_mapped,3.2750000000000004,4.545680154393681,122610.94377558815,505977.92884322035,369653.82165087864,1682652.061232267,1225000.0,2100000.0,global_buckling,3.0148517764241918,2.0148517764241918
TE_upper_foam,beam_mapped,3.3000000000000003,4.580380002900503,122610.94377558815,505319.51913660107,369302.28082552075,1682652.061232267,1225000.0,2100000.0,global_buckling,3.011984652050683,2.011984652050683
TE_upper_foam,beam_mapped,3.325,4.615079851407325,122610.94377558815,504725.45551545057,368984.88424722984,1682652.061232267,1225000.0,2100000.0,global_buckling,3.009396004018809,2.009396004018809
TE_upper_foam,beam_mapped,3.35,4.649779699914147,122610.94377558815,504194.19697552815,368700.8729509717,1682652.061232267,1225000.0,2100000.0,global_buckling,3.007079642301718,2.007079642301718
TE_upper_foam,beam_mapped,3.375,4.684479548420969,122610.94377558815,503724.2593746402,368449.5097869129,1682652.061232267,1225000.0,2100000.0,global_buckling,3.0050295547946937,2.0050295547946937
TE_upper_foam,beam_mapped,3.4000000000000004,4.7191793969277915,122610.94377558815,503314.2129332903,368230.07866204384,1682652.061232267,1225000.0,2100000.0,global_buckling,3.0032399011299225,2.0032399011299225
TE_upper_foam,beam_mapped,3.4250000000000003,4.753879245434613,122610.94377558815,502962.6798625626,368041.88381073193,1682652.061232267,1225000.0,2100000.0,global_buckling,3.001705006727214,2.001705006727214
TE_upper_foam,beam_mapped,3.45,4.7885790939414346,122610.94377558815,502668.33211189345,367884.2490930571,1682652.061232267,1225000.0,2100000.0,global_buckling,3.000419357071313,2.000419357071313
TE_upper_foam,beam_mapped,3.475,4.8232789424482565,122610.94377558815,502429.8892298522,367756.5173198257,1682652.061232267,1225000.0,2100000.0,global_buckling,2.9993775922067902,1.9993775922067902
TE_upper_foam,beam_mapped,3.5,4.8579787909550785,122610.94377558815,502246.11633149954,367658.0496032032,1682652.061232267,1225000.0,2100000.0,global_buckling,2.9985745014418845,1.9985745014418845
TE_upper_foam,beam_mapped,3.5250000000000004,4.892678639461901,122610.94377558815,502115.8221662973,367588.2247319456,1682652.061232267,1225000.0,2100000.0,global_buckling,2.9980050182529667,1.9980050182529667
TE_upper_foam,beam_mapped,3.5500000000000003,4.927378487968723,122610.94377558815,502037.8572809239,367546.4385702509,1682652.061232267,1225000.0,2100000.0,global_buckling,2.9976642153816404,1.9976642153816404
TE_upper_foam,beam_mapped,3.575,4.962078336475545,122610.94377558815,502011.1122717065,367532.1034792885,1682652.061232267,1225000.0,2100000.0,global_buckling,2.9975473001168123,1.9975473001168123
TE_upper_foam,beam_mapped,3.6,4.996778184982366,122610.94377558815,502034.51612170745,367544.6477605057,1682652.061232267,1225000.0,2100000.0,global_buckling,2.997649609754361,1.9976496097543608
TE_upper_foam,beam_mapped,3.625,5.031478033489188,122610.94377558815,502107.0346178097,367583.5151198404,1682652.061232267,1225000.0,2100000.0,global_buckling,2.9979666072273257,1.9979666072273257
TE_upper_foam,beam_mapped,3.6500000000000004,5.066177881996011,122610.94377558815,502227.66884343623,367648.16415201203,1682652.061232267,1225000.0,2100000.0,global_buckling,2.9984938768998433,1.9984938768998433
TE_upper_foam,beam_mapped,3.6750000000000003,5.100877730502833,122610.94377558815,502395.45374279685,367738.06784408726,1682652.061232267,1225000.0,2100000.0,global_buckling,2.9992271205182903,1.9992271205182903
TE_upper_foam,beam_mapped,3.7,5.135577579009655,122610.94377558815,502609.4567528132,367852.71309755696,1682652.061232267,1225000.0,2100000.0,global_buckling,3.0001621533134015,2.0001621533134015
TE_upper_foam,beam_mapped,3.725,5.170277427516477,122610.94377558815,502868.77649909764,367991.60026818764,1682652.061232267,1225000.0,2100000.0,global_buckling,3.001294900247353,2.001294900247353
TE_upper_foam,beam_mapped,3.75,5.204977276023299,122610.94377558815,503172.5415525834,368154.2427229413,1682652.061232267,1225000.0,2100000.0,global_buckling,3.002621392400054,2.002621392400054
TE_upper_foam,beam_mapped,3.7750000000000004,5.239677124530121,122610.94377558815,503519.90924360184,368340.1664132873,1682652.061232267,1225000.0,2100000.0,global_buckling,3.0041377634891333,2.0041377634891333
TE_upper_foam,beam_mapped,3.8000000000000003,5.274376973036943,122610.94377558815,503910.06453039404,368548.90946425695,1682652.061232267,1225000.0,2100000.0,global_buckling,3.0058402465183134,2.0058402465183134
TE_upper_foam,beam_mapped,3.825,5.309076821543765,122610.94377558815,504342.21891922,368780.0217786177,1682652.061232267,1225000.0,2100000.0,global_buckling,3.0077251705491057,2.0077251705491057
TE_upper_foam,beam_mapped,3.85,5.343776670050587,122610.94377558815,504815.60943339294,369033.0646555693,1682652.061232267,1225000.0,2100000.0,global_buckling,3.0097889575909442,2.0097889575909442
TE_upper_foam,beam_mapped,3.875,5.378476518557409,122610.94377558815,505329.4976287231,369307.6104233906,1682652.061232267,1225000.0,2100000.0,global_buckling,3.0120281196050933,2.0120281196050933
TE_upper_foam,beam_mapped,3.9000000000000004,5.4131763670642306,122610.94377558815,505883.1686529974,369603.24208548554,1682652.061232267,1225000.0,2100000.0,global_buckling,3.0144392556178463,2.0144392556178463
TE_upper_foam,beam_mapped,3.9250000000000003,5.4478762155710525,122610.94377558815,506475.9303472588,369919.55297930347,1682652.061232267,1225000.0,2100000.0,global_buckling,3.017019048938717,2.017019048938717
TE_upper_foam,beam_mapped,3.95,5.4825760640778745,122610.94377558815,507107.1123867763,370256.14644762775,1682652.061232267,1225000.0,2100000.0,global_buckling,3.019764264479512,2.019764264479512
TE_upper_foam,beam_mapped,3.975,5.517275912584696,122610.94377558815,507776.06545971363,370612.63552174834,1682652.061232267,1225000.0,2100000.0,global_buckling,3.022671746170323,2.022671746170323
TE_upper_foam,beam_mapped,4.0,5.551975761091518,122610.94377558815,508482.16048161907,370988.64261605445,1682652.061232267,1225000.0,2100000.0,global_buckling,3.025738414468663,2.025738414468663
